drug,drug_inn,disease,mechanism_target,terminal_relation,mechanism_strength,composite_confidence,pubmed_comentions,pubmed_drug_in_cancer,novelty_class,known_cheap_generic,any_trial_or_paper_found,verdict_WORTH_READING_TRIED_WRONG,direction,checker_note,target_zone
Avapritinib,Avapritinib,GIST,KIT,driver_of,DIRECTED,0.98,98,30,UNEXPLORED_DRUG,,,,COHERENT,,
Dasatinib Anhydrous,Dasatinib,GIST,KIT,driver_of,DIRECTED,0.98,32,1413,WELL_STUDIED_PAIR,,,,COHERENT,,
Baricitinib,Baricitinib,Myelofibrosis,JAK2,driver_of,DIRECTED,0.97,11,77,KNOWN_DRUG_NEW_CANCER,,,,COHERENT,,TARGET_ZONE
Deuruxolitinib,Deuruxolitinib,Myelofibrosis,JAK2,driver_of,DIRECTED,0.97,0,1,UNEXPLORED_DRUG,,,,COHERENT,,TARGET_ZONE
Fedratinib,Fedratinib,Myelofibrosis,JAK2,driver_of,DIRECTED,0.97,173,33,UNEXPLORED_DRUG,,,,COHERENT,,
Filgotinib,Filgotinib,Myelofibrosis,JAK2,driver_of,DIRECTED,0.97,1,41,UNEXPLORED_DRUG,,,,COHERENT,,TARGET_ZONE
Amivantamab,Amivantamab,NSCLC,EGFR,driver_of,DIRECTED,0.95,255,319,WELL_STUDIED_PAIR,,,,COHERENT,,
Dacomitinib,Dacomitinib,NSCLC,EGFR,driver_of,DIRECTED,0.95,205,352,WELL_STUDIED_PAIR,,,,COHERENT,,
Dacomitinib,Dacomitinib,Breast_Cancer,ERBB2,driver_of,DIRECTED,0.95,24,352,KNOWN_DRUG_NEW_CANCER,,,,COHERENT,,TARGET_ZONE
Lazertinib,Lazertinib,NSCLC,EGFR,driver_of,DIRECTED,0.95,138,145,WELL_STUDIED_PAIR,,,,COHERENT,,
Apalutamide,Apalutamide,Prostate_Cancer,AR,driver_of,DIRECTED,0.95,751,761,WELL_STUDIED_PAIR,,,,COHERENT,,
Bicalutamide,Bicalutamide,Prostate_Cancer,AR,driver_of,DIRECTED,0.95,1318,1444,WELL_STUDIED_PAIR,YES,,,COHERENT,,
Clascoterone,Clascoterone,Prostate_Cancer,AR,driver_of,DIRECTED,0.95,0,0,UNEXPLORED_DRUG,,,,COHERENT,,TARGET_ZONE
Darolutamide,Darolutamide,Prostate_Cancer,AR,driver_of,DIRECTED,0.95,509,516,WELL_STUDIED_PAIR,,,,COHERENT,,
Enzalutamide,Enzalutamide,Prostate_Cancer,AR,driver_of,DIRECTED,0.95,3740,3871,WELL_STUDIED_PAIR,,,,COHERENT,,
Flutamide,Flutamide,Prostate_Cancer,AR,driver_of,DIRECTED,0.95,844,1081,WELL_STUDIED_PAIR,,,,COHERENT,,
Clomiphene,Clomiphene,Breast_Cancer,ESR1,driver_of,DIRECTED,0.95,94,202,WELL_STUDIED_PAIR,,,,UNKNOWN_SIGN,,
Elacestrant,Elacestrant,Breast_Cancer,ESR1,driver_of,DIRECTED,0.95,107,107,WELL_STUDIED_PAIR,,,,COHERENT,,
Fulvestrant,Fulvestrant,Breast_Cancer,ESR1,driver_of,DIRECTED,0.95,2173,2330,WELL_STUDIED_PAIR,,,,COHERENT,,
Adagrasib,Adagrasib,Pancreatic_Cancer,KRAS,driver_of,DIRECTED,0.9409,17,294,KNOWN_DRUG_NEW_CANCER,,,,COHERENT,,TARGET_ZONE
Sotorasib,Sotorasib,Pancreatic_Cancer,KRAS,driver_of,DIRECTED,0.9409,35,509,WELL_STUDIED_PAIR,,,,COHERENT,,
Trastuzumab_deruxtecan,Trastuzumab_deruxtecan,Breast_Cancer,ERBB2,driver_of,DIRECTED,0.931,911,1380,WELL_STUDIED_PAIR,,,,COHERENT,,
Ceritinib,Ceritinib,NSCLC,ALK,driver_of,DIRECTED,0.92,445,625,WELL_STUDIED_PAIR,,,,COHERENT,,
Ensartinib,Ensartinib,NSCLC,ALK,driver_of,DIRECTED,0.92,105,143,WELL_STUDIED_PAIR,,,,COHERENT,,
Lorlatinib,Lorlatinib,NSCLC,ALK,driver_of,DIRECTED,0.9108,478,650,WELL_STUDIED_PAIR,,,,COHERENT,,
Afatinib,Afatinib,Breast_Cancer,ERBB2,driver_of,DIRECTED,0.9025,127,2051,WELL_STUDIED_PAIR,,,,COHERENT,,
Cetuximab,Cetuximab,NSCLC,EGFR,driver_of,DIRECTED,0.9025,408,6937,WELL_STUDIED_PAIR,,,,COHERENT,,
Brigatinib,Brigatinib,NSCLC,ALK,driver_of,DIRECTED,0.9016,351,462,WELL_STUDIED_PAIR,,,,COHERENT,,
Daunorubicin,Daunorubicin,Breast_Cancer,TOP2A,driver_of,DIRECTED,0.9,188,1247,WELL_STUDIED_PAIR,YES,,,COHERENT,,
Doxorubicin,Doxorubicin,Breast_Cancer,TOP2A,driver_of,DIRECTED,0.9,9935,31621,WELL_STUDIED_PAIR,YES,,,COHERENT,,
Etoposide,Etoposide,Breast_Cancer,TOP2A,driver_of,DIRECTED,0.9,842,9707,WELL_STUDIED_PAIR,YES,,,COHERENT,,
Idarubicin,Idarubicin,Breast_Cancer,TOP2A,driver_of,DIRECTED,0.9,80,335,WELL_STUDIED_PAIR,YES,,,COHERENT,,
Fedratinib,Fedratinib,AML,FLT3,driver_of,DIRECTED,0.9,4,33,UNEXPLORED_DRUG,,,,COHERENT,,TARGET_ZONE
Gilteritinib,Gilteritinib,AML,FLT3,driver_of,DIRECTED,0.9,418,84,WELL_STUDIED_PAIR,,,,COHERENT,,
Imetelstat,Imetelstat,HCC,TERT,driver_of,DIRECTED,0.9,0,42,UNEXPLORED_DRUG,,,,COHERENT,,TARGET_ZONE
Lapatinib,Lapatinib,NSCLC,EGFR,driver_of,DIRECTED,0.893,72,2862,WELL_STUDIED_PAIR,,,,COHERENT,,
Azacitidine,Azacitidine,AML,DNMT3A,driver_of,DIRECTED,0.88,1309,388,WELL_STUDIED_PAIR,YES,,,NOT_ASSESSED,,
Decitabine,Decitabine,AML,DNMT3A,driver_of,DIRECTED,0.88,926,770,WELL_STUDIED_PAIR,YES,,,NOT_ASSESSED,,
Ivosidenib,Ivosidenib,AML,IDH1,driver_of,DIRECTED,0.88,193,104,WELL_STUDIED_PAIR,,,,NOT_ASSESSED,,
Enasidenib,Enasidenib,AML,IDH2,driver_of,DIRECTED,0.88,188,41,UNEXPLORED_DRUG,,,,NOT_ASSESSED,,
Beperminogene Perplasmid,Beperminogene Perplasmid,NSCLC,MET,driver_of,DIRECTED,0.88,0,0,UNEXPLORED_DRUG,,,,NOT_ASSESSED,,TARGET_ZONE
Cabozantinib S-Malate,Cabozantinib,NSCLC,MET,driver_of,DIRECTED,0.88,93,1236,WELL_STUDIED_PAIR,,,,NOT_ASSESSED,,
Alpelisib,Alpelisib,Breast_Cancer,PIK3CA,driver_of,DIRECTED,0.88,353,500,WELL_STUDIED_PAIR,,,,COHERENT,,
Copanlisib,Copanlisib,Breast_Cancer,PIK3CA,driver_of,DIRECTED,0.88,18,93,KNOWN_DRUG_NEW_CANCER,,,,COHERENT,,TARGET_ZONE
Inavolisib,Inavolisib,Breast_Cancer,PIK3CA,driver_of,DIRECTED,0.88,55,63,WELL_STUDIED_PAIR,,,,COHERENT,,
Adagrasib,Adagrasib,Colorectal_Cancer,KRAS,driver_of,DIRECTED,0.873,64,294,WELL_STUDIED_PAIR,,,,COHERENT,,
Sotorasib,Sotorasib,Colorectal_Cancer,KRAS,driver_of,DIRECTED,0.873,87,509,WELL_STUDIED_PAIR,,,,COHERENT,,
Pralsetinib,Pralsetinib,NSCLC,RET,driver_of,DIRECTED,0.8712,129,255,WELL_STUDIED_PAIR,,,,NOT_ASSESSED,,
Selpercatinib,Selpercatinib,NSCLC,RET,driver_of,DIRECTED,0.8712,169,420,WELL_STUDIED_PAIR,,,,NOT_ASSESSED,,
Capmatinib,Capmatinib,NSCLC,MET,driver_of,DIRECTED,0.8624,154,228,WELL_STUDIED_PAIR,,,,NOT_ASSESSED,,
Tepotinib,Tepotinib,NSCLC,MET,driver_of,DIRECTED,0.8624,140,198,WELL_STUDIED_PAIR,,,,NOT_ASSESSED,,
Adagrasib,Adagrasib,NSCLC,KRAS,driver_of,DIRECTED,0.8536,152,294,WELL_STUDIED_PAIR,,,,COHERENT,,
Sotorasib,Sotorasib,NSCLC,KRAS,driver_of,DIRECTED,0.8536,265,509,WELL_STUDIED_PAIR,,,,COHERENT,,
Amivantamab,Amivantamab,Glioblastoma,EGFR,driver_of,DIRECTED,0.85,0,319,KNOWN_DRUG_NEW_CANCER,,,,COHERENT,,TARGET_ZONE
Dacomitinib,Dacomitinib,Glioblastoma,EGFR,driver_of,DIRECTED,0.85,19,352,KNOWN_DRUG_NEW_CANCER,,,,COHERENT,,TARGET_ZONE
Lazertinib,Lazertinib,Glioblastoma,EGFR,driver_of,DIRECTED,0.85,2,145,KNOWN_DRUG_NEW_CANCER,,,,COHERENT,,TARGET_ZONE
Amivantamab,Amivantamab,RCC,MET,driver_of,DIRECTED,0.85,0,319,KNOWN_DRUG_NEW_CANCER,,,,COHERENT,,TARGET_ZONE
Cabozantinib S-Malate,Cabozantinib,RCC,MET,driver_of,DIRECTED,0.85,322,1236,WELL_STUDIED_PAIR,,,,COHERENT,,
Cisplatin,Cisplatin,Li_Fraumeni_Syndrome,TP53,driver_of,DIRECTED,0.8415,11,51127,KNOWN_DRUG_NEW_CANCER,YES,,,COHERENT,,TARGET_ZONE
Osimertinib,Osimertinib,Glioblastoma,EGFR,driver_of,DIRECTED,0.833,37,3639,WELL_STUDIED_PAIR,,,,COHERENT,,
Capmatinib,Capmatinib,RCC,MET,driver_of,DIRECTED,0.833,2,228,KNOWN_DRUG_NEW_CANCER,,,,COHERENT,,TARGET_ZONE
Tepotinib,Tepotinib,RCC,MET,driver_of,DIRECTED,0.833,0,198,KNOWN_DRUG_NEW_CANCER,,,,COHERENT,,TARGET_ZONE
Oxaliplatin,Oxaliplatin,Li_Fraumeni_Syndrome,TP53,driver_of,DIRECTED,0.8316,0,13815,KNOWN_DRUG_NEW_CANCER,YES,,,COHERENT,,TARGET_ZONE
Entrectinib,Entrectinib,NSCLC,ALK,driver_of,DIRECTED,0.828,155,390,WELL_STUDIED_PAIR,,,,COHERENT,,
Erlotinib,Erlotinib,Glioblastoma,EGFR,driver_of,DIRECTED,0.8245,188,6432,WELL_STUDIED_PAIR,,,,COHERENT,,
Afatinib,Afatinib,Glioblastoma,EGFR,driver_of,DIRECTED,0.8245,29,2051,WELL_STUDIED_PAIR,,,,COHERENT,,
Carboplatin,Carboplatin,Li_Fraumeni_Syndrome,TP53,driver_of,DIRECTED,0.8217,3,13940,KNOWN_DRUG_NEW_CANCER,YES,,,COHERENT,,TARGET_ZONE
Gefitinib,Gefitinib,Glioblastoma,EGFR,driver_of,DIRECTED,0.816,117,6742,WELL_STUDIED_PAIR,,,,COHERENT,,
Sorafenib,Sorafenib,Melanoma,BRAF,driver_of,DIRECTED,0.8075,265,6418,WELL_STUDIED_PAIR,,,,COHERENT,,
Cetuximab,Cetuximab,Glioblastoma,EGFR,driver_of,DIRECTED,0.8075,84,6937,WELL_STUDIED_PAIR,,,,COHERENT,,
Abemaciclib,Abemaciclib,Soft_Tissue_Sarcoma,CDK4,driver_of,DIRECTED,0.8,2,1262,KNOWN_DRUG_NEW_CANCER,,,,COHERENT,,TARGET_ZONE
Daunorubicin,Daunorubicin,AML,TOP2A,driver_of,DIRECTED,0.8,1339,1247,WELL_STUDIED_PAIR,YES,,,COHERENT,,
Doxorubicin,Doxorubicin,AML,TOP2A,driver_of,DIRECTED,0.8,386,31621,WELL_STUDIED_PAIR,YES,,,COHERENT,,
Etoposide,Etoposide,AML,TOP2A,driver_of,DIRECTED,0.8,801,9707,WELL_STUDIED_PAIR,YES,,,COHERENT,,
Idarubicin,Idarubicin,AML,TOP2A,driver_of,DIRECTED,0.8,738,335,WELL_STUDIED_PAIR,YES,,,COHERENT,,
Cabozantinib S-Malate,Cabozantinib,Colorectal_Cancer,KDR,driver_of,DIRECTED,0.8,35,1236,WELL_STUDIED_PAIR,,,,COHERENT,,
Cabozantinib S-Malate,Cabozantinib,HCC,KDR,driver_of,DIRECTED,0.8,313,1236,WELL_STUDIED_PAIR,,,,COHERENT,,
Lapatinib,Lapatinib,Glioblastoma,EGFR,driver_of,DIRECTED,0.799,40,2862,WELL_STUDIED_PAIR,,,,COHERENT,,
Sunitinib,Sunitinib,AML,FLT3,driver_of,DIRECTED,0.792,42,3237,WELL_STUDIED_PAIR,,,,COHERENT,,
Crizotinib,Crizotinib,RCC,MET,driver_of,DIRECTED,0.7905,14,2817,KNOWN_DRUG_NEW_CANCER,,,,COHERENT,,TARGET_ZONE
Ramucirumab,Ramucirumab,HCC,KDR,driver_of,DIRECTED,0.784,209,1241,WELL_STUDIED_PAIR,,,,COHERENT,,
Olaparib,Olaparib,Pancreatic_Cancer,BRCA2,driver_of,DIRECTED,0.782,220,3356,WELL_STUDIED_PAIR,,,,NOT_ASSESSED,,
Sunitinib,Sunitinib,HCC,VEGFR2,driver_of,DIRECTED,0.779,124,3237,WELL_STUDIED_PAIR,,,,COHERENT,,
Palbociclib,Palbociclib,Soft_Tissue_Sarcoma,CDK4,driver_of,DIRECTED,0.776,10,2297,KNOWN_DRUG_NEW_CANCER,,,,COHERENT,,TARGET_ZONE
Celecoxib,Celecoxib,Colorectal_Cancer,COX2,driver_of,DIRECTED,0.776,287,2020,WELL_STUDIED_PAIR,YES,,,COHERENT,,
Bevacizumab,Bevacizumab,RCC,VEGFR2,driver_of,DIRECTED,0.7744,299,11890,WELL_STUDIED_PAIR,,,,COHERENT,,
Regorafenib,Regorafenib,NSCLC,RET,driver_of,DIRECTED,0.7744,18,1562,KNOWN_DRUG_NEW_CANCER,,,,NOT_ASSESSED,,TARGET_ZONE
Ribociclib,Ribociclib,Soft_Tissue_Sarcoma,CDK4,driver_of,DIRECTED,0.768,4,1153,KNOWN_DRUG_NEW_CANCER,,,,COHERENT,,TARGET_ZONE
Cisplatin,Cisplatin,Breast_Cancer,TOP2A,driver_of,DIRECTED,0.765,3524,51127,WELL_STUDIED_PAIR,YES,,,COHERENT,,
Cisplatin,Cisplatin,CLL,TP53,driver_of,DIRECTED,0.765,37,51127,WELL_STUDIED_PAIR,YES,,,NOT_ASSESSED,,
Aspirin,Aspirin,Colorectal_Cancer,COX2,driver_of,DIRECTED,0.76,1311,4583,WELL_STUDIED_PAIR,YES,,,COHERENT,,
Oxaliplatin,Oxaliplatin,CLL,TP53,driver_of,DIRECTED,0.756,10,13815,KNOWN_DRUG_NEW_CANCER,YES,,,NOT_ASSESSED,,TARGET_ZONE
Olaparib,Olaparib,Colorectal_Cancer,Bevacizumab,treats,DIRECTED,0.752,70,3356,WELL_STUDIED_PAIR,,,,NOT_ASSESSED,,
Cabozantinib S-Malate,Cabozantinib,GIST,KDR,driver_of,DIRECTED,0.75,12,1236,KNOWN_DRUG_NEW_CANCER,,,,COHERENT,,TARGET_ZONE
Carboplatin,Carboplatin,CLL,TP53,driver_of,DIRECTED,0.747,6,13940,KNOWN_DRUG_NEW_CANCER,YES,,,NOT_ASSESSED,,TARGET_ZONE
Diclofenac,Diclofenac,Colorectal_Cancer,COX2,driver_of,DIRECTED,0.744,25,463,KNOWN_DRUG_NEW_CANCER,,,,COHERENT,,TARGET_ZONE
Indomethacin,Indomethacin,Colorectal_Cancer,COX2,driver_of,DIRECTED,0.736,104,1119,WELL_STUDIED_PAIR,,,,COHERENT,,
Ramucirumab,Ramucirumab,GIST,KDR,driver_of,DIRECTED,0.735,0,1241,KNOWN_DRUG_NEW_CANCER,,,,COHERENT,,TARGET_ZONE
Imatinib,Imatinib,Pancreatic_Cancer,KRAS,driver_of,DIRECTED,0.7275,37,2935,WELL_STUDIED_PAIR,YES,,,UNKNOWN_SIGN,,
Cisplatin,Cisplatin,Soft_Tissue_Sarcoma,TP53,driver_of,DIRECTED,0.7225,124,51127,WELL_STUDIED_PAIR,YES,,,COHERENT,,
Bevacizumab,Bevacizumab,HCC,VEGFR2,driver_of,DIRECTED,0.7216,1316,11890,WELL_STUDIED_PAIR,,,,COHERENT,,
Mebendazole,Mebendazole,RCC,VEGFR2,driver_of,DIRECTED,0.7216,0,149,KNOWN_DRUG_NEW_CANCER,YES,,,COHERENT,,TARGET_ZONE
Oxaliplatin,Oxaliplatin,Soft_Tissue_Sarcoma,TP53,driver_of,DIRECTED,0.714,6,13815,KNOWN_DRUG_NEW_CANCER,YES,,,COHERENT,,TARGET_ZONE
Carboplatin,Carboplatin,Soft_Tissue_Sarcoma,TP53,driver_of,DIRECTED,0.7055,49,13940,WELL_STUDIED_PAIR,YES,,,COHERENT,,
Atorvastatin,Atorvastatin,Pancreatic_Cancer,KRAS,driver_of,DIRECTED,0.6984,25,566,KNOWN_DRUG_NEW_CANCER,YES,,,COHERENT,,TARGET_ZONE
Ipilimumab,Ipilimumab,Breast_Cancer,FOXP3,driver_of,DIRECTED,0.68,73,3000,WELL_STUDIED_PAIR,,,,COHERENT,,
Cisplatin,Cisplatin,AML,TOP2A,driver_of,DIRECTED,0.68,87,51127,WELL_STUDIED_PAIR,YES,,,COHERENT,,
Sotorasib,Sotorasib,Melanoma,MAP2K1,driver_of,DIRECTED,0.68,3,509,KNOWN_DRUG_NEW_CANCER,,,,COHERENT,,TARGET_ZONE
Venetoclax,Venetoclax,Myelofibrosis,Ruxolitinib,treats,DIRECTED,0.679,17,713,KNOWN_DRUG_NEW_CANCER,,,,NOT_ASSESSED,,TARGET_ZONE
Imatinib,Imatinib,Colorectal_Cancer,KRAS,driver_of,DIRECTED,0.675,98,2935,WELL_STUDIED_PAIR,YES,,,UNKNOWN_SIGN,,
Fluorouracil,Fluorouracil,Breast_Cancer,TOP2A,driver_of,DIRECTED,0.675,4286,29336,WELL_STUDIED_PAIR,YES,,,UNKNOWN_SIGN,,
Mebendazole,Mebendazole,HCC,VEGFR2,driver_of,DIRECTED,0.6724,2,149,KNOWN_DRUG_NEW_CANCER,YES,,,COHERENT,,TARGET_ZONE
Mebendazole,Mebendazole,Melanoma,BRAF,driver_of,DIRECTED,0.665,6,149,KNOWN_DRUG_NEW_CANCER,YES,,,COHERENT,,TARGET_ZONE
Imatinib,Imatinib,NSCLC,KRAS,driver_of,DIRECTED,0.66,44,2935,WELL_STUDIED_PAIR,YES,,,UNKNOWN_SIGN,,
Everolimus,Everolimus,Pancreatic_Cancer,Erlotinib,treats,DIRECTED,0.65,36,2310,WELL_STUDIED_PAIR,,,,NOT_ASSESSED,,
Atorvastatin,Atorvastatin,Colorectal_Cancer,KRAS,driver_of,DIRECTED,0.648,37,566,WELL_STUDIED_PAIR,YES,,,COHERENT,,
Mebendazole,Mebendazole,Li_Fraumeni_Syndrome,TP53,driver_of,DIRECTED,0.6435,0,149,KNOWN_DRUG_NEW_CANCER,YES,,,COHERENT,,TARGET_ZONE
Brigatinib,Brigatinib,Glioblastoma,EGFR,driver_of,DIRECTED,0.6375,1,462,KNOWN_DRUG_NEW_CANCER,,,,COHERENT,,TARGET_ZONE
Bazedoxifene,Bazedoxifene,Multiple_Myeloma,IL6,driver_of,DIRECTED,0.6375,0,174,KNOWN_DRUG_NEW_CANCER,,,,COHERENT,,TARGET_ZONE
Thalidomide,Thalidomide,RCC,VEGFR2,driver_of,DIRECTED,0.6336,27,1054,WELL_STUDIED_PAIR,YES,,,COHERENT,,
Itraconazole,Itraconazole,RCC,VEGFR2,driver_of,DIRECTED,0.6336,0,509,KNOWN_DRUG_NEW_CANCER,YES,,,COHERENT,,TARGET_ZONE
Everolimus,Everolimus,NSCLC,Erlotinib,treats,DIRECTED,0.6175,52,2310,WELL_STUDIED_PAIR,,,,NOT_ASSESSED,,
Fluorouracil,Fluorouracil,AML,TOP2A,driver_of,DIRECTED,0.6,35,29336,WELL_STUDIED_PAIR,YES,,,UNKNOWN_SIGN,,
Thalidomide,Thalidomide,HCC,VEGFR2,driver_of,DIRECTED,0.5904,49,1054,WELL_STUDIED_PAIR,YES,,,COHERENT,,
Itraconazole,Itraconazole,HCC,VEGFR2,driver_of,DIRECTED,0.5904,8,509,KNOWN_DRUG_NEW_CANCER,YES,,,COHERENT,,TARGET_ZONE
Mebendazole,Mebendazole,CLL,TP53,driver_of,DIRECTED,0.585,0,149,KNOWN_DRUG_NEW_CANCER,YES,,,NOT_ASSESSED,,TARGET_ZONE
Suramin,Suramin,RCC,VEGFR2,driver_of,DIRECTED,0.572,2,411,KNOWN_DRUG_NEW_CANCER,,,,COHERENT,,TARGET_ZONE
Mebendazole,Mebendazole,Soft_Tissue_Sarcoma,TP53,driver_of,DIRECTED,0.5525,0,149,KNOWN_DRUG_NEW_CANCER,YES,,,COHERENT,,TARGET_ZONE
Clarithromycin,Clarithromycin,Multiple_Myeloma,IL6,driver_of,DIRECTED,0.5525,53,637,WELL_STUDIED_PAIR,YES,,,COHERENT,,
Disulfiram,Disulfiram,Li_Fraumeni_Syndrome,TP53,driver_of,DIRECTED,0.5445,0,590,KNOWN_DRUG_NEW_CANCER,YES,,,COHERENT,,TARGET_ZONE
Suramin,Suramin,HCC,VEGFR2,driver_of,DIRECTED,0.533,6,411,KNOWN_DRUG_NEW_CANCER,,,,COHERENT,,TARGET_ZONE
Propranolol,Propranolol,RCC,VEGFR2,driver_of,DIRECTED,0.528,2,442,KNOWN_DRUG_NEW_CANCER,YES,,,COHERENT,,TARGET_ZONE
Nitroglycerin,Nitroglycerin,RCC,HIF1A,driver_of,DIRECTED,0.528,0,107,KNOWN_DRUG_NEW_CANCER,YES,,,COHERENT,,TARGET_ZONE
Suramin,Suramin,GIST,PDGFRA,driver_of,DIRECTED,0.527,0,411,KNOWN_DRUG_NEW_CANCER,,,,COHERENT,,TARGET_ZONE
Leflunomide,Leflunomide,GIST,PDGFRA,driver_of,DIRECTED,0.51,1,101,KNOWN_DRUG_NEW_CANCER,,,,COHERENT,,TARGET_ZONE
Chloroquine,Chloroquine,Li_Fraumeni_Syndrome,TP53,driver_of,DIRECTED,0.495,1,1971,KNOWN_DRUG_NEW_CANCER,YES,,,COHERENT,,TARGET_ZONE
Disulfiram,Disulfiram,CLL,TP53,driver_of,DIRECTED,0.495,0,590,KNOWN_DRUG_NEW_CANCER,YES,,,NOT_ASSESSED,,TARGET_ZONE
Propranolol,Propranolol,HCC,VEGFR2,driver_of,DIRECTED,0.492,22,442,KNOWN_DRUG_NEW_CANCER,YES,,,COHERENT,,TARGET_ZONE
Artesunate,Artesunate,RCC,VEGFR2,driver_of,DIRECTED,0.484,6,458,KNOWN_DRUG_NEW_CANCER,,,,COHERENT,,TARGET_ZONE
Cimetidine,Cimetidine,RCC,VEGFR2,driver_of,DIRECTED,0.484,11,355,KNOWN_DRUG_NEW_CANCER,YES,,,COHERENT,,TARGET_ZONE
Diclofenac,Diclofenac,Multiple_Myeloma,MYC,driver_of,DIRECTED,0.4675,2,463,KNOWN_DRUG_NEW_CANCER,,,,NOT_ASSESSED,,TARGET_ZONE
Disulfiram,Disulfiram,Soft_Tissue_Sarcoma,TP53,driver_of,DIRECTED,0.4675,0,590,KNOWN_DRUG_NEW_CANCER,YES,,,COHERENT,,TARGET_ZONE
Artesunate,Artesunate,HCC,VEGFR2,driver_of,DIRECTED,0.451,29,458,WELL_STUDIED_PAIR,,,,COHERENT,,
Cimetidine,Cimetidine,HCC,VEGFR2,driver_of,DIRECTED,0.451,4,355,KNOWN_DRUG_NEW_CANCER,YES,,,COHERENT,,TARGET_ZONE
Chloroquine,Chloroquine,CLL,TP53,driver_of,DIRECTED,0.45,13,1971,KNOWN_DRUG_NEW_CANCER,YES,,,NOT_ASSESSED,,TARGET_ZONE
Chloroquine,Chloroquine,Soft_Tissue_Sarcoma,TP53,driver_of,DIRECTED,0.425,4,1971,KNOWN_DRUG_NEW_CANCER,YES,,,COHERENT,,TARGET_ZONE
Avelumab,Avelumab,NSCLC,CD274,associated_with,co-occurrence,0.85,72,842,WELL_STUDIED_PAIR,,,,NOT_ASSESSED,,
Cosibelimab,Cosibelimab,NSCLC,CD274,associated_with,co-occurrence,0.85,0,5,UNEXPLORED_DRUG,,,,NOT_ASSESSED,,
Cemiplimab,Cemiplimab,Melanoma,PDCD1,associated_with,co-occurrence,0.85,80,416,WELL_STUDIED_PAIR,,,,NOT_ASSESSED,,
Cemiplimab,Cemiplimab,NSCLC,PDCD1,associated_with,co-occurrence,0.85,84,416,WELL_STUDIED_PAIR,,,,NOT_ASSESSED,,
Dostarlimab,Dostarlimab,Melanoma,PDCD1,associated_with,co-occurrence,0.85,4,244,KNOWN_DRUG_NEW_CANCER,,,,NOT_ASSESSED,,
Dostarlimab,Dostarlimab,NSCLC,PDCD1,associated_with,co-occurrence,0.85,10,244,KNOWN_DRUG_NEW_CANCER,,,,NOT_ASSESSED,,
Durvalumab,Durvalumab,NSCLC,CD274,associated_with,co-occurrence,0.833,821,2295,WELL_STUDIED_PAIR,,,,NOT_ASSESSED,,
Abemaciclib,Abemaciclib,Breast_Cancer,CDK4,associated_with,co-occurrence,0.8,1118,1262,WELL_STUDIED_PAIR,,,,NOT_ASSESSED,,
Ibalizumab,Ibalizumab,Melanoma,CD4,associated_with,co-occurrence,0.8,0,5,UNEXPLORED_DRUG,,,,NOT_ASSESSED,,
Amivantamab,Amivantamab,Colorectal_Cancer,EGFR,associated_with,co-occurrence,0.8,6,319,KNOWN_DRUG_NEW_CANCER,,,,NOT_ASSESSED,,
Amivantamab,Amivantamab,Breast_Cancer,EGFR,associated_with,co-occurrence,0.8,6,319,KNOWN_DRUG_NEW_CANCER,,,,NOT_ASSESSED,,
Dacomitinib,Dacomitinib,Colorectal_Cancer,EGFR,associated_with,co-occurrence,0.8,6,352,KNOWN_DRUG_NEW_CANCER,,,,NOT_ASSESSED,,
Lazertinib,Lazertinib,Colorectal_Cancer,EGFR,associated_with,co-occurrence,0.8,0,145,KNOWN_DRUG_NEW_CANCER,,,,NOT_ASSESSED,,
Lazertinib,Lazertinib,Breast_Cancer,EGFR,associated_with,co-occurrence,0.8,3,145,KNOWN_DRUG_NEW_CANCER,,,,NOT_ASSESSED,,
Fedratinib,Fedratinib,GIST,FLT3,associated_with,co-occurrence,0.8,0,33,UNEXPLORED_DRUG,,,,NOT_ASSESSED,,
Fedratinib,Fedratinib,RCC,FLT3,associated_with,co-occurrence,0.8,0,33,UNEXPLORED_DRUG,,,,NOT_ASSESSED,,
Gilteritinib,Gilteritinib,GIST,FLT3,associated_with,co-occurrence,0.8,0,84,KNOWN_DRUG_NEW_CANCER,,,,NOT_ASSESSED,,
Gilteritinib,Gilteritinib,RCC,FLT3,associated_with,co-occurrence,0.8,0,84,KNOWN_DRUG_NEW_CANCER,,,,NOT_ASSESSED,,
Avapritinib,Avapritinib,CML,KIT,associated_with,co-occurrence,0.8,0,30,UNEXPLORED_DRUG,,,,NOT_ASSESSED,,
Avapritinib,Avapritinib,RCC,KIT,associated_with,co-occurrence,0.8,0,30,UNEXPLORED_DRUG,,,,NOT_ASSESSED,,
Dasatinib Anhydrous,Dasatinib,CML,KIT,associated_with,co-occurrence,0.8,1634,1413,WELL_STUDIED_PAIR,,,,NOT_ASSESSED,,
Dasatinib Anhydrous,Dasatinib,RCC,KIT,associated_with,co-occurrence,0.8,10,1413,KNOWN_DRUG_NEW_CANCER,,,,NOT_ASSESSED,,
Cemiplimab,Cemiplimab,RCC,PDCD1,associated_with,co-occurrence,0.8,0,416,KNOWN_DRUG_NEW_CANCER,,,,NOT_ASSESSED,,
Dostarlimab,Dostarlimab,RCC,PDCD1,associated_with,co-occurrence,0.8,0,244,KNOWN_DRUG_NEW_CANCER,,,,NOT_ASSESSED,,
Alpelisib,Alpelisib,AML,PIK3CA,associated_with,co-occurrence,0.8,2,500,KNOWN_DRUG_NEW_CANCER,,,,NOT_ASSESSED,,
Copanlisib,Copanlisib,AML,PIK3CA,associated_with,co-occurrence,0.8,1,93,KNOWN_DRUG_NEW_CANCER,,,,NOT_ASSESSED,,
Inavolisib,Inavolisib,AML,PIK3CA,associated_with,co-occurrence,0.8,0,63,KNOWN_DRUG_NEW_CANCER,,,,NOT_ASSESSED,,
Asciminib,Asciminib,CML,ABL1,associated_with,co-occurrence,0.8,217,40,UNEXPLORED_DRUG,,,,NOT_ASSESSED,,
Asciminib,Asciminib,GIST,ABL1,associated_with,co-occurrence,0.8,0,40,UNEXPLORED_DRUG,,,,NOT_ASSESSED,,
Bosutinib,Bosutinib,CML,ABL1,associated_with,co-occurrence,0.8,416,186,WELL_STUDIED_PAIR,,,,NOT_ASSESSED,,
Bosutinib,Bosutinib,GIST,ABL1,associated_with,co-occurrence,0.8,2,186,KNOWN_DRUG_NEW_CANCER,,,,NOT_ASSESSED,,
Pembrolizumab,Pembrolizumab,RCC,PDCD1,associated_with,co-occurrence,0.792,335,8884,WELL_STUDIED_PAIR,,,,NOT_ASSESSED,,
Pralsetinib,Pralsetinib,Colorectal_Cancer,RET,associated_with,co-occurrence,0.792,2,255,KNOWN_DRUG_NEW_CANCER,,,,NOT_ASSESSED,,
Pralsetinib,Pralsetinib,GIST,RET,associated_with,co-occurrence,0.792,0,255,KNOWN_DRUG_NEW_CANCER,,,,NOT_ASSESSED,,
Pralsetinib,Pralsetinib,HCC,RET,associated_with,co-occurrence,0.792,0,255,KNOWN_DRUG_NEW_CANCER,,,,NOT_ASSESSED,,
Selpercatinib,Selpercatinib,Colorectal_Cancer,RET,associated_with,co-occurrence,0.792,7,420,KNOWN_DRUG_NEW_CANCER,,,,NOT_ASSESSED,,
Selpercatinib,Selpercatinib,GIST,RET,associated_with,co-occurrence,0.792,0,420,KNOWN_DRUG_NEW_CANCER,,,,NOT_ASSESSED,,
Selpercatinib,Selpercatinib,HCC,RET,associated_with,co-occurrence,0.792,1,420,KNOWN_DRUG_NEW_CANCER,,,,NOT_ASSESSED,,
Osimertinib,Osimertinib,Colorectal_Cancer,EGFR,associated_with,co-occurrence,0.784,21,3639,KNOWN_DRUG_NEW_CANCER,,,,NOT_ASSESSED,,
Osimertinib,Osimertinib,Breast_Cancer,EGFR,associated_with,co-occurrence,0.784,53,3639,WELL_STUDIED_PAIR,,,,NOT_ASSESSED,,
Trastuzumab,Trastuzumab,NSCLC,ERBB2,associated_with,co-occurrence,0.784,247,13870,WELL_STUDIED_PAIR,,,,NOT_ASSESSED,,
Trastuzumab_deruxtecan,Trastuzumab_deruxtecan,NSCLC,ERBB2,associated_with,co-occurrence,0.784,144,1380,WELL_STUDIED_PAIR,,,,NOT_ASSESSED,,
Trametinib,Trametinib,AML,MEK1,associated_with,co-occurrence,0.784,28,1309,WELL_STUDIED_PAIR,,,,NOT_ASSESSED,,
Cisplatin,Cisplatin,Ovarian_Cancer,TP53,associated_with,co-occurrence,0.782,5965,51127,WELL_STUDIED_PAIR,YES,,,NOT_ASSESSED,,
Amivantamab,Amivantamab,HCC,MET,associated_with,co-occurrence,0.78,0,319,KNOWN_DRUG_NEW_CANCER,,,,NOT_ASSESSED,,
Beperminogene Perplasmid,Beperminogene Perplasmid,HCC,MET,associated_with,co-occurrence,0.78,0,0,UNEXPLORED_DRUG,,,,NOT_ASSESSED,,
Avapritinib,Avapritinib,Glioblastoma,PDGFRA,associated_with,co-occurrence,0.78,1,30,UNEXPLORED_DRUG,,,,NOT_ASSESSED,,
Encorafenib,Encorafenib,RCC,BRAF,associated_with,co-occurrence,0.776,0,300,KNOWN_DRUG_NEW_CANCER,,,,NOT_ASSESSED,,
Vemurafenib,Vemurafenib,RCC,BRAF,associated_with,co-occurrence,0.776,0,951,KNOWN_DRUG_NEW_CANCER,,,,NOT_ASSESSED,,
Erlotinib,Erlotinib,Colorectal_Cancer,EGFR,associated_with,co-occurrence,0.776,171,6432,WELL_STUDIED_PAIR,,,,NOT_ASSESSED,,
Erlotinib,Erlotinib,Breast_Cancer,EGFR,associated_with,co-occurrence,0.776,386,6432,WELL_STUDIED_PAIR,,,,NOT_ASSESSED,,
Adagrasib,Adagrasib,AML,KRAS,associated_with,co-occurrence,0.776,0,294,KNOWN_DRUG_NEW_CANCER,,,,NOT_ASSESSED,,
Sotorasib,Sotorasib,AML,KRAS,associated_with,co-occurrence,0.776,2,509,KNOWN_DRUG_NEW_CANCER,,,,NOT_ASSESSED,,
Afatinib,Afatinib,Colorectal_Cancer,EGFR,associated_with,co-occurrence,0.776,40,2051,WELL_STUDIED_PAIR,,,,NOT_ASSESSED,,
Oxaliplatin,Oxaliplatin,Ovarian_Cancer,TP53,associated_with,co-occurrence,0.7728,273,13815,WELL_STUDIED_PAIR,YES,,,NOT_ASSESSED,,
Dabrafenib,Dabrafenib,RCC,BRAF,associated_with,co-occurrence,0.768,1,836,KNOWN_DRUG_NEW_CANCER,,,,NOT_ASSESSED,,
Everolimus,Everolimus,AML,MTOR,associated_with,co-occurrence,0.768,77,2310,WELL_STUDIED_PAIR,,,,NOT_ASSESSED,,
Everolimus,Everolimus,Breast_Cancer,MTOR,associated_with,co-occurrence,0.768,863,2310,WELL_STUDIED_PAIR,,,,NOT_ASSESSED,,
Gefitinib,Gefitinib,Colorectal_Cancer,EGFR,associated_with,co-occurrence,0.768,174,6742,WELL_STUDIED_PAIR,,,,NOT_ASSESSED,,
Gefitinib,Gefitinib,Breast_Cancer,EGFR,associated_with,co-occurrence,0.768,517,6742,WELL_STUDIED_PAIR,,,,NOT_ASSESSED,,
Imatinib,Imatinib,RCC,KIT,associated_with,co-occurrence,0.768,39,2935,WELL_STUDIED_PAIR,YES,,,NOT_ASSESSED,,
Cisplatin,Cisplatin,NSCLC,TP53,associated_with,co-occurrence,0.765,4960,51127,WELL_STUDIED_PAIR,YES,,,NOT_ASSESSED,,
Venetoclax,Venetoclax,AML,BCL2,associated_with,co-occurrence,0.7644,1794,713,WELL_STUDIED_PAIR,,,,NOT_ASSESSED,,
Capmatinib,Capmatinib,HCC,MET,associated_with,co-occurrence,0.7644,11,228,KNOWN_DRUG_NEW_CANCER,,,,NOT_ASSESSED,,
Tepotinib,Tepotinib,HCC,MET,associated_with,co-occurrence,0.7644,8,198,KNOWN_DRUG_NEW_CANCER,,,,NOT_ASSESSED,,
Carboplatin,Carboplatin,Ovarian_Cancer,TP53,associated_with,co-occurrence,0.7636,3230,13940,WELL_STUDIED_PAIR,YES,,,NOT_ASSESSED,,
Temsirolimus,Temsirolimus,AML,MTOR,associated_with,co-occurrence,0.76,9,710,KNOWN_DRUG_NEW_CANCER,,,,NOT_ASSESSED,,
Temsirolimus,Temsirolimus,Breast_Cancer,MTOR,associated_with,co-occurrence,0.76,81,710,WELL_STUDIED_PAIR,,,,NOT_ASSESSED,,
Cetuximab,Cetuximab,Breast_Cancer,EGFR,associated_with,co-occurrence,0.76,272,6937,WELL_STUDIED_PAIR,,,,NOT_ASSESSED,,
Oxaliplatin,Oxaliplatin,NSCLC,TP53,associated_with,co-occurrence,0.756,113,13815,WELL_STUDIED_PAIR,YES,,,NOT_ASSESSED,,
Lapatinib,Lapatinib,Colorectal_Cancer,EGFR,associated_with,co-occurrence,0.752,86,2862,WELL_STUDIED_PAIR,,,,NOT_ASSESSED,,
Sunitinib,Sunitinib,CML,KIT,associated_with,co-occurrence,0.752,19,3237,KNOWN_DRUG_NEW_CANCER,,,,NOT_ASSESSED,,
Aflibercept,Aflibercept,Colorectal_Cancer,VEGFA,associated_with,co-occurrence,0.75,298,490,WELL_STUDIED_PAIR,,,,NOT_ASSESSED,,
Bevacizumab Gamma,Bevacizumab Gamma,Colorectal_Cancer,VEGFA,associated_with,co-occurrence,0.75,0,0,UNEXPLORED_DRUG,,,,NOT_ASSESSED,,
Brolucizumab,Brolucizumab,Colorectal_Cancer,VEGFA,associated_with,co-occurrence,0.75,1,9,UNEXPLORED_DRUG,,,,NOT_ASSESSED,,
Faricimab,Faricimab,Colorectal_Cancer,VEGFA,associated_with,co-occurrence,0.75,0,6,UNEXPLORED_DRUG,,,,NOT_ASSESSED,,
Ibalizumab,Ibalizumab,NSCLC,CD4,associated_with,co-occurrence,0.75,0,5,UNEXPLORED_DRUG,,,,NOT_ASSESSED,,
Avapritinib,Avapritinib,AML,KIT,associated_with,co-occurrence,0.75,12,30,UNEXPLORED_DRUG,,,,NOT_ASSESSED,,
Dasatinib Anhydrous,Dasatinib,AML,KIT,associated_with,co-occurrence,0.75,108,1413,WELL_STUDIED_PAIR,,,,NOT_ASSESSED,,
Cisplatin,Cisplatin,Colorectal_Cancer,TP53,associated_with,co-occurrence,0.748,856,51127,WELL_STUDIED_PAIR,YES,,,NOT_ASSESSED,,
Carboplatin,Carboplatin,NSCLC,TP53,associated_with,co-occurrence,0.747,2409,13940,WELL_STUDIED_PAIR,YES,,,NOT_ASSESSED,,
Oxaliplatin,Oxaliplatin,Colorectal_Cancer,TP53,associated_with,co-occurrence,0.7392,6332,13815,WELL_STUDIED_PAIR,YES,,,NOT_ASSESSED,,
Imatinib,Imatinib,Glioblastoma,PDGFRA,associated_with,co-occurrence,0.7332,107,2935,WELL_STUDIED_PAIR,YES,,,NOT_ASSESSED,,
Carboplatin,Carboplatin,Colorectal_Cancer,TP53,associated_with,co-occurrence,0.7304,144,13940,WELL_STUDIED_PAIR,YES,,,NOT_ASSESSED,,
Encorafenib,Encorafenib,Colorectal_Cancer,BRAF,associated_with,co-occurrence,0.7275,183,300,WELL_STUDIED_PAIR,,,,NOT_ASSESSED,,
Vemurafenib,Vemurafenib,Colorectal_Cancer,BRAF,associated_with,co-occurrence,0.7275,115,951,WELL_STUDIED_PAIR,,,,NOT_ASSESSED,,
Crizotinib,Crizotinib,HCC,MET,associated_with,co-occurrence,0.7254,19,2817,KNOWN_DRUG_NEW_CANCER,,,,NOT_ASSESSED,,
Imatinib,Imatinib,AML,KIT,associated_with,co-occurrence,0.72,245,2935,WELL_STUDIED_PAIR,YES,,,NOT_ASSESSED,,
Dabrafenib,Dabrafenib,Colorectal_Cancer,BRAF,associated_with,co-occurrence,0.72,69,836,WELL_STUDIED_PAIR,,,,NOT_ASSESSED,,
Sorafenib,Sorafenib,GIST,VEGFR2,associated_with,co-occurrence,0.72,46,6418,WELL_STUDIED_PAIR,,,,NOT_ASSESSED,,
Sunitinib,Sunitinib,Glioblastoma,PDGFRA,associated_with,co-occurrence,0.7176,75,3237,WELL_STUDIED_PAIR,,,,NOT_ASSESSED,,
Binimetinib,Binimetinib,AML,MAP2K2,associated_with,co-occurrence,0.71,1,233,KNOWN_DRUG_NEW_CANCER,,,,NOT_ASSESSED,,
Cobimetinib,Cobimetinib,AML,MAP2K2,associated_with,co-occurrence,0.71,4,169,KNOWN_DRUG_NEW_CANCER,,,,NOT_ASSESSED,,
Bevacizumab,Bevacizumab,GIST,VEGFR2,associated_with,co-occurrence,0.704,9,11890,KNOWN_DRUG_NEW_CANCER,,,,NOT_ASSESSED,,
Dacomitinib,Dacomitinib,HCC,ERBB2,associated_with,co-occurrence,0.7,2,352,KNOWN_DRUG_NEW_CANCER,,,,NOT_ASSESSED,,
Avapritinib,Avapritinib,Soft_Tissue_Sarcoma,KIT,associated_with,co-occurrence,0.7,4,30,UNEXPLORED_DRUG,,,,NOT_ASSESSED,,
Dasatinib Anhydrous,Dasatinib,Soft_Tissue_Sarcoma,KIT,associated_with,co-occurrence,0.7,4,1413,KNOWN_DRUG_NEW_CANCER,,,,NOT_ASSESSED,,
Baricitinib,Baricitinib,AML,JAK2,associated_with,co-occurrence,0.7,0,77,KNOWN_DRUG_NEW_CANCER,,,,NOT_ASSESSED,,
Deuruxolitinib,Deuruxolitinib,AML,JAK2,associated_with,co-occurrence,0.7,0,1,UNEXPLORED_DRUG,,,,NOT_ASSESSED,,
Filgotinib,Filgotinib,AML,JAK2,associated_with,co-occurrence,0.7,1,41,UNEXPLORED_DRUG,,,,NOT_ASSESSED,,
Alpelisib,Alpelisib,Colorectal_Cancer,PIK3CA,associated_with,co-occurrence,0.7,18,500,KNOWN_DRUG_NEW_CANCER,,,,NOT_ASSESSED,,
Copanlisib,Copanlisib,Colorectal_Cancer,PIK3CA,associated_with,co-occurrence,0.7,6,93,KNOWN_DRUG_NEW_CANCER,,,,NOT_ASSESSED,,
Inavolisib,Inavolisib,Colorectal_Cancer,PIK3CA,associated_with,co-occurrence,0.7,2,63,KNOWN_DRUG_NEW_CANCER,,,,NOT_ASSESSED,,
Oxaliplatin,Oxaliplatin,Breast_Cancer,TP53,associated_with,co-occurrence,0.6888,310,13815,WELL_STUDIED_PAIR,YES,,,NOT_ASSESSED,,
Trastuzumab_deruxtecan,Trastuzumab_deruxtecan,HCC,ERBB2,associated_with,co-occurrence,0.686,0,1380,KNOWN_DRUG_NEW_CANCER,,,,NOT_ASSESSED,,
Trastuzumab,Trastuzumab,HCC,ERBB2,associated_with,co-occurrence,0.686,26,13870,WELL_STUDIED_PAIR,,,,NOT_ASSESSED,,
Carboplatin,Carboplatin,Breast_Cancer,TP53,associated_with,co-occurrence,0.6806,1579,13940,WELL_STUDIED_PAIR,YES,,,NOT_ASSESSED,,
Alectinib,Alectinib,Colorectal_Cancer,RET,associated_with,co-occurrence,0.68,7,1179,KNOWN_DRUG_NEW_CANCER,,,,NOT_ASSESSED,,
Alectinib,Alectinib,HCC,RET,associated_with,co-occurrence,0.68,0,1179,KNOWN_DRUG_NEW_CANCER,,,,NOT_ASSESSED,,
Alectinib,Alectinib,GIST,RET,associated_with,co-occurrence,0.68,0,1179,KNOWN_DRUG_NEW_CANCER,,,,NOT_ASSESSED,,
Ruxolitinib,Ruxolitinib,AML,JAK2,associated_with,co-occurrence,0.679,76,435,WELL_STUDIED_PAIR,,,,NOT_ASSESSED,,
Encorafenib,Encorafenib,NSCLC,BRAF,associated_with,co-occurrence,0.679,21,300,KNOWN_DRUG_NEW_CANCER,,,,NOT_ASSESSED,,
Vemurafenib,Vemurafenib,NSCLC,BRAF,associated_with,co-occurrence,0.679,46,951,WELL_STUDIED_PAIR,,,,NOT_ASSESSED,,
Dabrafenib,Dabrafenib,NSCLC,BRAF,associated_with,co-occurrence,0.672,143,836,WELL_STUDIED_PAIR,,,,NOT_ASSESSED,,
Imatinib,Imatinib,Soft_Tissue_Sarcoma,KIT,associated_with,co-occurrence,0.672,89,2935,WELL_STUDIED_PAIR,YES,,,NOT_ASSESSED,,
Oxaliplatin,Oxaliplatin,AML,TP53,associated_with,co-occurrence,0.672,10,13815,KNOWN_DRUG_NEW_CANCER,YES,,,NOT_ASSESSED,,
Afatinib,Afatinib,HCC,ERBB2,associated_with,co-occurrence,0.665,16,2051,KNOWN_DRUG_NEW_CANCER,,,,NOT_ASSESSED,,
Sunitinib,Sunitinib,Colorectal_Cancer,VEGFR2,associated_with,co-occurrence,0.665,95,3237,WELL_STUDIED_PAIR,,,,NOT_ASSESSED,,
Sorafenib,Sorafenib,AML,RAF1,associated_with,co-occurrence,0.664,332,6418,WELL_STUDIED_PAIR,,,,NOT_ASSESSED,,
Carboplatin,Carboplatin,AML,TP53,associated_with,co-occurrence,0.664,48,13940,WELL_STUDIED_PAIR,YES,,,NOT_ASSESSED,,
Sunitinib,Sunitinib,Soft_Tissue_Sarcoma,KIT,associated_with,co-occurrence,0.658,57,3237,WELL_STUDIED_PAIR,,,,NOT_ASSESSED,,
Mebendazole,Mebendazole,GIST,VEGFR2,associated_with,co-occurrence,0.656,0,149,KNOWN_DRUG_NEW_CANCER,YES,,,NOT_ASSESSED,,
Lapatinib,Lapatinib,HCC,ERBB2,associated_with,co-occurrence,0.651,35,2862,WELL_STUDIED_PAIR,,,,NOT_ASSESSED,,
Ribociclib,Ribociclib,Ovarian_Cancer,Breast_Cancer,associated_with,co-occurrence,0.65,13,1153,KNOWN_DRUG_NEW_CANCER,,,,NOT_ASSESSED,,
Ribociclib,Ribociclib,Type2_Diabetes,Breast_Cancer,associated_with,co-occurrence,0.65,0,1153,KNOWN_DRUG_NEW_CANCER,,,,NOT_ASSESSED,,
Ribociclib,Ribociclib,Glioblastoma,Breast_Cancer,associated_with,co-occurrence,0.65,15,1153,KNOWN_DRUG_NEW_CANCER,,,,NOT_ASSESSED,,
Ribociclib,Ribociclib,RCC,Breast_Cancer,associated_with,co-occurrence,0.65,1,1153,KNOWN_DRUG_NEW_CANCER,,,,NOT_ASSESSED,,
Ribociclib,Ribociclib,Melanoma,Breast_Cancer,associated_with,co-occurrence,0.65,23,1153,KNOWN_DRUG_NEW_CANCER,,,,NOT_ASSESSED,,
Ribociclib,Ribociclib,Multiple_Myeloma,Breast_Cancer,associated_with,co-occurrence,0.65,0,1153,KNOWN_DRUG_NEW_CANCER,,,,NOT_ASSESSED,,
Lapatinib,Lapatinib,Melanoma,Breast_Cancer,associated_with,co-occurrence,0.65,44,2862,WELL_STUDIED_PAIR,,,,NOT_ASSESSED,,
Lapatinib,Lapatinib,Multiple_Myeloma,Breast_Cancer,associated_with,co-occurrence,0.65,3,2862,KNOWN_DRUG_NEW_CANCER,,,,NOT_ASSESSED,,
Lapatinib,Lapatinib,Ovarian_Cancer,Breast_Cancer,associated_with,co-occurrence,0.65,44,2862,WELL_STUDIED_PAIR,,,,NOT_ASSESSED,,
Lapatinib,Lapatinib,RCC,Breast_Cancer,associated_with,co-occurrence,0.65,10,2862,KNOWN_DRUG_NEW_CANCER,,,,NOT_ASSESSED,,
Lapatinib,Lapatinib,Soft_Tissue_Sarcoma,Breast_Cancer,associated_with,co-occurrence,0.65,2,2862,KNOWN_DRUG_NEW_CANCER,,,,NOT_ASSESSED,,
Lapatinib,Lapatinib,Type2_Diabetes,Breast_Cancer,associated_with,co-occurrence,0.65,0,2862,KNOWN_DRUG_NEW_CANCER,,,,NOT_ASSESSED,,
Olaparib,Olaparib,Glioblastoma,Breast_Cancer,associated_with,co-occurrence,0.65,53,3356,WELL_STUDIED_PAIR,,,,NOT_ASSESSED,,
Olaparib,Olaparib,Melanoma,Breast_Cancer,associated_with,co-occurrence,0.65,26,3356,WELL_STUDIED_PAIR,,,,NOT_ASSESSED,,
Olaparib,Olaparib,Multiple_Myeloma,Breast_Cancer,associated_with,co-occurrence,0.65,6,3356,KNOWN_DRUG_NEW_CANCER,,,,NOT_ASSESSED,,
Olaparib,Olaparib,RCC,Breast_Cancer,associated_with,co-occurrence,0.65,11,3356,KNOWN_DRUG_NEW_CANCER,,,,NOT_ASSESSED,,
Olaparib,Olaparib,Soft_Tissue_Sarcoma,Breast_Cancer,associated_with,co-occurrence,0.65,12,3356,KNOWN_DRUG_NEW_CANCER,,,,NOT_ASSESSED,,
Olaparib,Olaparib,Type2_Diabetes,Breast_Cancer,associated_with,co-occurrence,0.65,0,3356,KNOWN_DRUG_NEW_CANCER,,,,NOT_ASSESSED,,
Imatinib,Imatinib,Ewing_Sarcoma,ABL1,associated_with,co-occurrence,0.65,25,2935,KNOWN_DRUG_NEW_CANCER,YES,,,NOT_ASSESSED,,
Imatinib,Imatinib,Prostate_Cancer,GIST,associated_with,co-occurrence,0.65,98,2935,WELL_STUDIED_PAIR,YES,,,NOT_ASSESSED,,
Ramucirumab,Ramucirumab,CML,Colorectal_Cancer,associated_with,co-occurrence,0.65,0,1241,KNOWN_DRUG_NEW_CANCER,,,,NOT_ASSESSED,,
Ramucirumab,Ramucirumab,Multiple_Myeloma,Colorectal_Cancer,associated_with,co-occurrence,0.65,0,1241,KNOWN_DRUG_NEW_CANCER,,,,NOT_ASSESSED,,
Ramucirumab,Ramucirumab,Pancreatic_Cancer,Colorectal_Cancer,associated_with,co-occurrence,0.65,4,1241,KNOWN_DRUG_NEW_CANCER,,,,NOT_ASSESSED,,
Regorafenib,Regorafenib,CML,Colorectal_Cancer,associated_with,co-occurrence,0.65,1,1562,KNOWN_DRUG_NEW_CANCER,,,,NOT_ASSESSED,,
Regorafenib,Regorafenib,Multiple_Myeloma,Colorectal_Cancer,associated_with,co-occurrence,0.65,1,1562,KNOWN_DRUG_NEW_CANCER,,,,NOT_ASSESSED,,
Regorafenib,Regorafenib,Pancreatic_Cancer,Colorectal_Cancer,associated_with,co-occurrence,0.65,5,1562,KNOWN_DRUG_NEW_CANCER,,,,NOT_ASSESSED,,
Imatinib,Imatinib,Multiple_Myeloma,GIST,associated_with,co-occurrence,0.65,73,2935,WELL_STUDIED_PAIR,YES,,,NOT_ASSESSED,,
Regorafenib,Regorafenib,AML,GIST,associated_with,co-occurrence,0.65,7,1562,KNOWN_DRUG_NEW_CANCER,,,,NOT_ASSESSED,,
Regorafenib,Regorafenib,Glioblastoma,GIST,associated_with,co-occurrence,0.65,78,1562,WELL_STUDIED_PAIR,,,,NOT_ASSESSED,,
Regorafenib,Regorafenib,Prostate_Cancer,GIST,associated_with,co-occurrence,0.65,4,1562,KNOWN_DRUG_NEW_CANCER,,,,NOT_ASSESSED,,
Sunitinib,Sunitinib,Multiple_Myeloma,GIST,associated_with,co-occurrence,0.65,14,3237,KNOWN_DRUG_NEW_CANCER,,,,NOT_ASSESSED,,
Sunitinib,Sunitinib,Prostate_Cancer,GIST,associated_with,co-occurrence,0.65,79,3237,WELL_STUDIED_PAIR,,,,NOT_ASSESSED,,
Regorafenib,Regorafenib,Ewing_Sarcoma,HCC,associated_with,co-occurrence,0.65,15,1562,KNOWN_DRUG_NEW_CANCER,,,,NOT_ASSESSED,,
Regorafenib,Regorafenib,RCC,HCC,associated_with,co-occurrence,0.65,13,1562,KNOWN_DRUG_NEW_CANCER,,,,NOT_ASSESSED,,
Sorafenib,Sorafenib,Colorectal_Cancer,HCC,associated_with,co-occurrence,0.65,177,6418,WELL_STUDIED_PAIR,,,,NOT_ASSESSED,,
Sorafenib,Sorafenib,Ewing_Sarcoma,HCC,associated_with,co-occurrence,0.65,11,6418,KNOWN_DRUG_NEW_CANCER,,,,NOT_ASSESSED,,
Sorafenib,Sorafenib,Glioblastoma,HCC,associated_with,co-occurrence,0.65,82,6418,WELL_STUDIED_PAIR,,,,NOT_ASSESSED,,
Binimetinib,Binimetinib,Breast_Cancer,Melanoma,associated_with,co-occurrence,0.65,11,233,KNOWN_DRUG_NEW_CANCER,,,,NOT_ASSESSED,,
Binimetinib,Binimetinib,CLL,Melanoma,associated_with,co-occurrence,0.65,2,233,KNOWN_DRUG_NEW_CANCER,,,,NOT_ASSESSED,,
Binimetinib,Binimetinib,Glioblastoma,Melanoma,associated_with,co-occurrence,0.65,5,233,KNOWN_DRUG_NEW_CANCER,,,,NOT_ASSESSED,,
Binimetinib,Binimetinib,Ovarian_Cancer,Melanoma,associated_with,co-occurrence,0.65,13,233,KNOWN_DRUG_NEW_CANCER,,,,NOT_ASSESSED,,
Binimetinib,Binimetinib,RCC,Melanoma,associated_with,co-occurrence,0.65,0,233,KNOWN_DRUG_NEW_CANCER,,,,NOT_ASSESSED,,
Binimetinib,Binimetinib,Type2_Diabetes,Melanoma,associated_with,co-occurrence,0.65,0,233,KNOWN_DRUG_NEW_CANCER,,,,NOT_ASSESSED,,
Cobimetinib,Cobimetinib,Breast_Cancer,Melanoma,associated_with,co-occurrence,0.65,14,169,KNOWN_DRUG_NEW_CANCER,,,,NOT_ASSESSED,,
Cobimetinib,Cobimetinib,CLL,Melanoma,associated_with,co-occurrence,0.65,0,169,KNOWN_DRUG_NEW_CANCER,,,,NOT_ASSESSED,,
Cobimetinib,Cobimetinib,Glioblastoma,Melanoma,associated_with,co-occurrence,0.65,3,169,KNOWN_DRUG_NEW_CANCER,,,,NOT_ASSESSED,,
Cobimetinib,Cobimetinib,Ovarian_Cancer,Melanoma,associated_with,co-occurrence,0.65,9,169,KNOWN_DRUG_NEW_CANCER,,,,NOT_ASSESSED,,
Cobimetinib,Cobimetinib,RCC,Melanoma,associated_with,co-occurrence,0.65,2,169,KNOWN_DRUG_NEW_CANCER,,,,NOT_ASSESSED,,
Cobimetinib,Cobimetinib,Type2_Diabetes,Melanoma,associated_with,co-occurrence,0.65,0,169,KNOWN_DRUG_NEW_CANCER,,,,NOT_ASSESSED,,
Encorafenib,Encorafenib,Breast_Cancer,Melanoma,associated_with,co-occurrence,0.65,8,300,KNOWN_DRUG_NEW_CANCER,,,,NOT_ASSESSED,,
Encorafenib,Encorafenib,CLL,Melanoma,associated_with,co-occurrence,0.65,0,300,KNOWN_DRUG_NEW_CANCER,,,,NOT_ASSESSED,,
Encorafenib,Encorafenib,Glioblastoma,Melanoma,associated_with,co-occurrence,0.65,4,300,KNOWN_DRUG_NEW_CANCER,,,,NOT_ASSESSED,,
Encorafenib,Encorafenib,Ovarian_Cancer,Melanoma,associated_with,co-occurrence,0.65,1,300,KNOWN_DRUG_NEW_CANCER,,,,NOT_ASSESSED,,
Encorafenib,Encorafenib,Type2_Diabetes,Melanoma,associated_with,co-occurrence,0.65,0,300,KNOWN_DRUG_NEW_CANCER,,,,NOT_ASSESSED,,
Ipilimumab,Ipilimumab,CLL,Melanoma,associated_with,co-occurrence,0.65,9,3000,KNOWN_DRUG_NEW_CANCER,,,,NOT_ASSESSED,,
Ipilimumab,Ipilimumab,Glioblastoma,Melanoma,associated_with,co-occurrence,0.65,31,3000,WELL_STUDIED_PAIR,,,,NOT_ASSESSED,,
Ipilimumab,Ipilimumab,Ovarian_Cancer,Melanoma,associated_with,co-occurrence,0.65,19,3000,KNOWN_DRUG_NEW_CANCER,,,,NOT_ASSESSED,,
Ipilimumab,Ipilimumab,RCC,Melanoma,associated_with,co-occurrence,0.65,302,3000,WELL_STUDIED_PAIR,,,,NOT_ASSESSED,,
Ipilimumab,Ipilimumab,Type2_Diabetes,Melanoma,associated_with,co-occurrence,0.65,0,3000,KNOWN_DRUG_NEW_CANCER,,,,NOT_ASSESSED,,
Nivolumab,Nivolumab,Breast_Cancer,Melanoma,associated_with,co-occurrence,0.65,140,7463,WELL_STUDIED_PAIR,,,,NOT_ASSESSED,,
Nivolumab,Nivolumab,CLL,Melanoma,associated_with,co-occurrence,0.65,16,7463,KNOWN_DRUG_NEW_CANCER,,,,NOT_ASSESSED,,
Nivolumab,Nivolumab,Glioblastoma,Melanoma,associated_with,co-occurrence,0.65,105,7463,WELL_STUDIED_PAIR,,,,NOT_ASSESSED,,
Nivolumab,Nivolumab,Ovarian_Cancer,Melanoma,associated_with,co-occurrence,0.65,65,7463,WELL_STUDIED_PAIR,,,,NOT_ASSESSED,,
Nivolumab,Nivolumab,Type2_Diabetes,Melanoma,associated_with,co-occurrence,0.65,0,7463,KNOWN_DRUG_NEW_CANCER,,,,NOT_ASSESSED,,
Pembrolizumab,Pembrolizumab,Breast_Cancer,Melanoma,associated_with,co-occurrence,0.65,728,8884,WELL_STUDIED_PAIR,,,,NOT_ASSESSED,,
Pembrolizumab,Pembrolizumab,CLL,Melanoma,associated_with,co-occurrence,0.65,18,8884,KNOWN_DRUG_NEW_CANCER,,,,NOT_ASSESSED,,
Pembrolizumab,Pembrolizumab,Glioblastoma,Melanoma,associated_with,co-occurrence,0.65,64,8884,WELL_STUDIED_PAIR,,,,NOT_ASSESSED,,
Pembrolizumab,Pembrolizumab,Ovarian_Cancer,Melanoma,associated_with,co-occurrence,0.65,134,8884,WELL_STUDIED_PAIR,,,,NOT_ASSESSED,,
Pembrolizumab,Pembrolizumab,Type2_Diabetes,Melanoma,associated_with,co-occurrence,0.65,0,8884,KNOWN_DRUG_NEW_CANCER,,,,NOT_ASSESSED,,
Afatinib,Afatinib,Multiple_Myeloma,NSCLC,associated_with,co-occurrence,0.65,4,2051,KNOWN_DRUG_NEW_CANCER,,,,NOT_ASSESSED,,
Alectinib,Alectinib,Multiple_Myeloma,NSCLC,associated_with,co-occurrence,0.65,1,1179,KNOWN_DRUG_NEW_CANCER,,,,NOT_ASSESSED,,
Atezolizumab,Atezolizumab,Multiple_Myeloma,NSCLC,associated_with,co-occurrence,0.65,8,3302,KNOWN_DRUG_NEW_CANCER,,,,NOT_ASSESSED,,
Crizotinib,Crizotinib,Multiple_Myeloma,NSCLC,associated_with,co-occurrence,0.65,4,2817,KNOWN_DRUG_NEW_CANCER,,,,NOT_ASSESSED,,
Erlotinib,Erlotinib,Multiple_Myeloma,Pancreatic_Cancer,associated_with,co-occurrence,0.65,10,6432,KNOWN_DRUG_NEW_CANCER,,,,NOT_ASSESSED,,
Gefitinib,Gefitinib,Multiple_Myeloma,NSCLC,associated_with,co-occurrence,0.65,19,6742,KNOWN_DRUG_NEW_CANCER,,,,NOT_ASSESSED,,
Nivolumab,Nivolumab,Multiple_Myeloma,NSCLC,associated_with,co-occurrence,0.65,32,7463,WELL_STUDIED_PAIR,,,,NOT_ASSESSED,,
Osimertinib,Osimertinib,Multiple_Myeloma,NSCLC,associated_with,co-occurrence,0.65,4,3639,KNOWN_DRUG_NEW_CANCER,,,,NOT_ASSESSED,,
Pembrolizumab,Pembrolizumab,Multiple_Myeloma,NSCLC,associated_with,co-occurrence,0.65,54,8884,WELL_STUDIED_PAIR,,,,NOT_ASSESSED,,
Erlotinib,Erlotinib,CML,Pancreatic_Cancer,associated_with,co-occurrence,0.65,10,6432,KNOWN_DRUG_NEW_CANCER,,,,NOT_ASSESSED,,
Erlotinib,Erlotinib,Ovarian_Cancer,Pancreatic_Cancer,associated_with,co-occurrence,0.65,73,6432,WELL_STUDIED_PAIR,,,,NOT_ASSESSED,,
Nivolumab,Nivolumab,AML,RCC,associated_with,co-occurrence,0.65,34,7463,WELL_STUDIED_PAIR,,,,NOT_ASSESSED,,
Nivolumab,Nivolumab,HCC,RCC,associated_with,co-occurrence,0.65,431,7463,WELL_STUDIED_PAIR,,,,NOT_ASSESSED,,
Sorafenib,Sorafenib,Breast_Cancer,RCC,associated_with,co-occurrence,0.65,358,6418,WELL_STUDIED_PAIR,,,,NOT_ASSESSED,,
Sorafenib,Sorafenib,CLL,RCC,associated_with,co-occurrence,0.65,10,6418,KNOWN_DRUG_NEW_CANCER,,,,NOT_ASSESSED,,
Sorafenib,Sorafenib,Multiple_Myeloma,RCC,associated_with,co-occurrence,0.65,23,6418,KNOWN_DRUG_NEW_CANCER,,,,NOT_ASSESSED,,
Temsirolimus,Temsirolimus,CLL,RCC,associated_with,co-occurrence,0.65,1,710,KNOWN_DRUG_NEW_CANCER,,,,NOT_ASSESSED,,
Temsirolimus,Temsirolimus,Glioblastoma,RCC,associated_with,co-occurrence,0.65,34,710,WELL_STUDIED_PAIR,,,,NOT_ASSESSED,,
Temsirolimus,Temsirolimus,HCC,RCC,associated_with,co-occurrence,0.65,18,710,KNOWN_DRUG_NEW_CANCER,,,,NOT_ASSESSED,,
Temsirolimus,Temsirolimus,Melanoma,RCC,associated_with,co-occurrence,0.65,31,710,WELL_STUDIED_PAIR,,,,NOT_ASSESSED,,
Temsirolimus,Temsirolimus,Multiple_Myeloma,RCC,associated_with,co-occurrence,0.65,12,710,KNOWN_DRUG_NEW_CANCER,,,,NOT_ASSESSED,,
Avelumab,Avelumab,Pancreatic_Cancer,CD274,associated_with,co-occurrence,0.65,1,842,KNOWN_DRUG_NEW_CANCER,,,,NOT_ASSESSED,,
Cosibelimab,Cosibelimab,Pancreatic_Cancer,CD274,associated_with,co-occurrence,0.65,0,5,UNEXPLORED_DRUG,,,,NOT_ASSESSED,,
Capecitabine,Capecitabine,NSCLC,TYMS,associated_with,co-occurrence,0.65,32,7643,WELL_STUDIED_PAIR,YES,,,NOT_ASSESSED,,
Floxuridine,Floxuridine,NSCLC,TYMS,associated_with,co-occurrence,0.65,2,273,KNOWN_DRUG_NEW_CANCER,,,,NOT_ASSESSED,,
Atorvastatin,Atorvastatin,NSCLC,HMGCR,associated_with,co-occurrence,0.65,15,566,KNOWN_DRUG_NEW_CANCER,YES,,,NOT_ASSESSED,,
Atorvastatin,Atorvastatin,Melanoma,HMGCR,associated_with,co-occurrence,0.65,21,566,KNOWN_DRUG_NEW_CANCER,YES,,,NOT_ASSESSED,,
Ceritinib,Ceritinib,Breast_Cancer,ALK,associated_with,co-occurrence,0.65,12,625,KNOWN_DRUG_NEW_CANCER,,,,NOT_ASSESSED,,
Ceritinib,Ceritinib,HCC,ALK,associated_with,co-occurrence,0.65,3,625,KNOWN_DRUG_NEW_CANCER,,,,NOT_ASSESSED,,
Ensartinib,Ensartinib,Breast_Cancer,ALK,associated_with,co-occurrence,0.65,0,143,KNOWN_DRUG_NEW_CANCER,,,,NOT_ASSESSED,,
Ensartinib,Ensartinib,HCC,ALK,associated_with,co-occurrence,0.65,0,143,KNOWN_DRUG_NEW_CANCER,,,,NOT_ASSESSED,,
Amivantamab,Amivantamab,Pancreatic_Cancer,EGFR,associated_with,co-occurrence,0.65,0,319,KNOWN_DRUG_NEW_CANCER,,,,NOT_ASSESSED,,
Dacomitinib,Dacomitinib,Pancreatic_Cancer,EGFR,associated_with,co-occurrence,0.65,4,352,KNOWN_DRUG_NEW_CANCER,,,,NOT_ASSESSED,,
Lazertinib,Lazertinib,Pancreatic_Cancer,EGFR,associated_with,co-occurrence,0.65,1,145,KNOWN_DRUG_NEW_CANCER,,,,NOT_ASSESSED,,
Cimetidine,Cimetidine,Breast_Cancer,HRH2,associated_with,co-occurrence,0.65,46,355,WELL_STUDIED_PAIR,YES,,,NOT_ASSESSED,,
Celecoxib,Celecoxib,HCC,PTGS2,associated_with,co-occurrence,0.65,56,2020,WELL_STUDIED_PAIR,YES,,,NOT_ASSESSED,,
Doxycycline,Doxycycline,RCC,MMP7,associated_with,co-occurrence,0.65,9,1065,KNOWN_DRUG_NEW_CANCER,YES,,,NOT_ASSESSED,,
Atorvastatin,Atorvastatin,RCC,HMGCR,associated_with,co-occurrence,0.65,4,566,KNOWN_DRUG_NEW_CANCER,YES,,,NOT_ASSESSED,,
Disulfiram,Disulfiram,Colorectal_Cancer,ALDH2,associated_with,co-occurrence,0.65,16,590,KNOWN_DRUG_NEW_CANCER,YES,,,NOT_ASSESSED,,
Asciminib,Asciminib,Ewing_Sarcoma,ABL1,associated_with,co-occurrence,0.65,0,40,UNEXPLORED_DRUG,,,,NOT_ASSESSED,,
Bosutinib,Bosutinib,Ewing_Sarcoma,ABL1,associated_with,co-occurrence,0.65,0,186,KNOWN_DRUG_NEW_CANCER,,,,NOT_ASSESSED,,
Dasatinib Anhydrous,Dasatinib,Ewing_Sarcoma,ABL1,associated_with,co-occurrence,0.65,7,1413,KNOWN_DRUG_NEW_CANCER,,,,NOT_ASSESSED,,
Cerivastatin,Cerivastatin,Melanoma,HMGCR,associated_with,co-occurrence,0.65,1,35,UNEXPLORED_DRUG,,,,NOT_ASSESSED,,
Cerivastatin,Cerivastatin,NSCLC,HMGCR,associated_with,co-occurrence,0.65,1,35,UNEXPLORED_DRUG,,,,NOT_ASSESSED,,
Cerivastatin,Cerivastatin,RCC,HMGCR,associated_with,co-occurrence,0.65,0,35,UNEXPLORED_DRUG,,,,NOT_ASSESSED,,
Fluvastatin,Fluvastatin,Melanoma,HMGCR,associated_with,co-occurrence,0.65,15,183,KNOWN_DRUG_NEW_CANCER,,,,NOT_ASSESSED,,
Fluvastatin,Fluvastatin,NSCLC,HMGCR,associated_with,co-occurrence,0.65,6,183,KNOWN_DRUG_NEW_CANCER,,,,NOT_ASSESSED,,
Fluvastatin,Fluvastatin,RCC,HMGCR,associated_with,co-occurrence,0.65,2,183,KNOWN_DRUG_NEW_CANCER,,,,NOT_ASSESSED,,
Betazole,Betazole,Breast_Cancer,HRH2,associated_with,co-occurrence,0.65,0,1,UNEXPLORED_DRUG,,,,NOT_ASSESSED,,
Ebrotidine,Ebrotidine,Breast_Cancer,HRH2,associated_with,co-occurrence,0.65,0,1,UNEXPLORED_DRUG,,,,NOT_ASSESSED,,
Famotidine,Famotidine,Breast_Cancer,HRH2,associated_with,co-occurrence,0.65,16,97,KNOWN_DRUG_NEW_CANCER,,,,NOT_ASSESSED,,
Carprofen,Carprofen,HCC,PTGS2,associated_with,co-occurrence,0.65,0,14,UNEXPLORED_DRUG,,,,NOT_ASSESSED,,
Etodolac,Etodolac,HCC,PTGS2,associated_with,co-occurrence,0.65,5,87,KNOWN_DRUG_NEW_CANCER,,,,NOT_ASSESSED,,
Etoricoxib,Etoricoxib,HCC,PTGS2,associated_with,co-occurrence,0.65,1,60,KNOWN_DRUG_NEW_CANCER,,,,NOT_ASSESSED,,
Doxycycline,Doxycycline,Ovarian_Cancer,MMP1,associated_with,co-occurrence,0.65,30,1065,WELL_STUDIED_PAIR,YES,,,NOT_ASSESSED,,
Doxycycline,Doxycycline,CLL,MMP1,associated_with,co-occurrence,0.65,4,1065,KNOWN_DRUG_NEW_CANCER,YES,,,NOT_ASSESSED,,
Imatinib,Imatinib,Ovarian_Cancer,CML,associated_with,co-occurrence,0.6435,54,2935,WELL_STUDIED_PAIR,YES,,,NOT_ASSESSED,,
Metformin,Metformin,Breast_Cancer,Type2_Diabetes,associated_with,co-occurrence,0.6435,997,5396,WELL_STUDIED_PAIR,YES,,,NOT_ASSESSED,,
Metformin,Metformin,Melanoma,Type2_Diabetes,associated_with,co-occurrence,0.6435,152,5396,WELL_STUDIED_PAIR,YES,,,NOT_ASSESSED,,
Metformin,Metformin,Ovarian_Cancer,Type2_Diabetes,associated_with,co-occurrence,0.6435,245,5396,WELL_STUDIED_PAIR,YES,,,NOT_ASSESSED,,
Lorlatinib,Lorlatinib,Breast_Cancer,ALK,associated_with,co-occurrence,0.6435,4,650,KNOWN_DRUG_NEW_CANCER,,,,NOT_ASSESSED,,
Lorlatinib,Lorlatinib,HCC,ALK,associated_with,co-occurrence,0.6435,1,650,KNOWN_DRUG_NEW_CANCER,,,,NOT_ASSESSED,,
Metformin,Metformin,RCC,MTOR,associated_with,co-occurrence,0.6396,32,5396,WELL_STUDIED_PAIR,YES,,,NOT_ASSESSED,,
Niclosamide,Niclosamide,RCC,MTOR,associated_with,co-occurrence,0.6396,6,337,KNOWN_DRUG_NEW_CANCER,YES,,,NOT_ASSESSED,,
Pirfenidone,Pirfenidone,Pancreatic_Cancer,TGFB1,associated_with,co-occurrence,0.6396,17,177,KNOWN_DRUG_NEW_CANCER,,,,NOT_ASSESSED,,
Valproic_Acid,Valproic_Acid,AML,HDAC1,associated_with,co-occurrence,0.6375,91,824,WELL_STUDIED_PAIR,YES,,,NOT_ASSESSED,,
Trastuzumab,Trastuzumab,Glioblastoma,Breast_Cancer,associated_with,co-occurrence,0.637,25,13870,KNOWN_DRUG_NEW_CANCER,,,,NOT_ASSESSED,,
Trastuzumab,Trastuzumab,Melanoma,Breast_Cancer,associated_with,co-occurrence,0.637,89,13870,WELL_STUDIED_PAIR,,,,NOT_ASSESSED,,
Trastuzumab,Trastuzumab,Multiple_Myeloma,Breast_Cancer,associated_with,co-occurrence,0.637,22,13870,KNOWN_DRUG_NEW_CANCER,,,,NOT_ASSESSED,,
Trastuzumab,Trastuzumab,Ovarian_Cancer,Breast_Cancer,associated_with,co-occurrence,0.637,220,13870,WELL_STUDIED_PAIR,,,,NOT_ASSESSED,,
Trastuzumab,Trastuzumab,RCC,Breast_Cancer,associated_with,co-occurrence,0.637,9,13870,KNOWN_DRUG_NEW_CANCER,,,,NOT_ASSESSED,,
Trastuzumab,Trastuzumab,Soft_Tissue_Sarcoma,Breast_Cancer,associated_with,co-occurrence,0.637,10,13870,KNOWN_DRUG_NEW_CANCER,,,,NOT_ASSESSED,,
Trastuzumab,Trastuzumab,Type2_Diabetes,Breast_Cancer,associated_with,co-occurrence,0.637,0,13870,KNOWN_DRUG_NEW_CANCER,,,,NOT_ASSESSED,,
Atezolizumab,Atezolizumab,Pancreatic_Cancer,CD274,associated_with,co-occurrence,0.637,16,3302,KNOWN_DRUG_NEW_CANCER,,,,NOT_ASSESSED,,
Durvalumab,Durvalumab,Pancreatic_Cancer,CD274,associated_with,co-occurrence,0.637,17,2295,KNOWN_DRUG_NEW_CANCER,,,,NOT_ASSESSED,,
Alectinib,Alectinib,Breast_Cancer,ALK,associated_with,co-occurrence,0.637,10,1179,KNOWN_DRUG_NEW_CANCER,,,,NOT_ASSESSED,,
Brigatinib,Brigatinib,Breast_Cancer,ALK,associated_with,co-occurrence,0.637,6,462,KNOWN_DRUG_NEW_CANCER,,,,NOT_ASSESSED,,
Brigatinib,Brigatinib,HCC,ALK,associated_with,co-occurrence,0.637,0,462,KNOWN_DRUG_NEW_CANCER,,,,NOT_ASSESSED,,
Osimertinib,Osimertinib,Pancreatic_Cancer,EGFR,associated_with,co-occurrence,0.637,10,3639,KNOWN_DRUG_NEW_CANCER,,,,NOT_ASSESSED,,
Verapamil,Verapamil,AML,ABCB1,associated_with,co-occurrence,0.6336,45,1417,WELL_STUDIED_PAIR,YES,,,NOT_ASSESSED,,
Venetoclax,Venetoclax,Melanoma,CLL,associated_with,co-occurrence,0.6305,12,713,KNOWN_DRUG_NEW_CANCER,,,,NOT_ASSESSED,,
Venetoclax,Venetoclax,Multiple_Myeloma,CLL,associated_with,co-occurrence,0.6305,260,713,WELL_STUDIED_PAIR,,,,NOT_ASSESSED,,
Venetoclax,Venetoclax,Ovarian_Cancer,CLL,associated_with,co-occurrence,0.6305,10,713,KNOWN_DRUG_NEW_CANCER,,,,NOT_ASSESSED,,
Venetoclax,Venetoclax,Prostate_Cancer,CLL,associated_with,co-occurrence,0.6305,12,713,KNOWN_DRUG_NEW_CANCER,,,,NOT_ASSESSED,,
Venetoclax,Venetoclax,RCC,CLL,associated_with,co-occurrence,0.6305,2,713,KNOWN_DRUG_NEW_CANCER,,,,NOT_ASSESSED,,
Vemurafenib,Vemurafenib,Breast_Cancer,Melanoma,associated_with,co-occurrence,0.6305,48,951,WELL_STUDIED_PAIR,,,,NOT_ASSESSED,,
Vemurafenib,Vemurafenib,CLL,Melanoma,associated_with,co-occurrence,0.6305,5,951,KNOWN_DRUG_NEW_CANCER,,,,NOT_ASSESSED,,
Vemurafenib,Vemurafenib,Glioblastoma,Melanoma,associated_with,co-occurrence,0.6305,24,951,KNOWN_DRUG_NEW_CANCER,,,,NOT_ASSESSED,,
Vemurafenib,Vemurafenib,Ovarian_Cancer,Melanoma,associated_with,co-occurrence,0.6305,9,951,KNOWN_DRUG_NEW_CANCER,,,,NOT_ASSESSED,,
Vemurafenib,Vemurafenib,Type2_Diabetes,Melanoma,associated_with,co-occurrence,0.6305,0,951,KNOWN_DRUG_NEW_CANCER,,,,NOT_ASSESSED,,
Ruxolitinib,Ruxolitinib,CLL,Myelofibrosis,associated_with,co-occurrence,0.6305,19,435,KNOWN_DRUG_NEW_CANCER,,,,NOT_ASSESSED,,
Afatinib,Afatinib,Pancreatic_Cancer,EGFR,associated_with,co-occurrence,0.6305,30,2051,WELL_STUDIED_PAIR,,,,NOT_ASSESSED,,
Palbociclib,Palbociclib,Ovarian_Cancer,Breast_Cancer,associated_with,co-occurrence,0.624,31,2297,WELL_STUDIED_PAIR,,,,NOT_ASSESSED,,
Palbociclib,Palbociclib,Type2_Diabetes,Breast_Cancer,associated_with,co-occurrence,0.624,0,2297,KNOWN_DRUG_NEW_CANCER,,,,NOT_ASSESSED,,
Palbociclib,Palbociclib,Glioblastoma,Breast_Cancer,associated_with,co-occurrence,0.624,38,2297,WELL_STUDIED_PAIR,,,,NOT_ASSESSED,,
Palbociclib,Palbociclib,RCC,Breast_Cancer,associated_with,co-occurrence,0.624,4,2297,KNOWN_DRUG_NEW_CANCER,,,,NOT_ASSESSED,,
Palbociclib,Palbociclib,Melanoma,Breast_Cancer,associated_with,co-occurrence,0.624,53,2297,WELL_STUDIED_PAIR,,,,NOT_ASSESSED,,
Palbociclib,Palbociclib,Multiple_Myeloma,Breast_Cancer,associated_with,co-occurrence,0.624,9,2297,KNOWN_DRUG_NEW_CANCER,,,,NOT_ASSESSED,,
Dabrafenib,Dabrafenib,Breast_Cancer,Melanoma,associated_with,co-occurrence,0.624,35,836,WELL_STUDIED_PAIR,,,,NOT_ASSESSED,,
Dabrafenib,Dabrafenib,CLL,Melanoma,associated_with,co-occurrence,0.624,1,836,KNOWN_DRUG_NEW_CANCER,,,,NOT_ASSESSED,,
Dabrafenib,Dabrafenib,Glioblastoma,Melanoma,associated_with,co-occurrence,0.624,39,836,WELL_STUDIED_PAIR,,,,NOT_ASSESSED,,
Dabrafenib,Dabrafenib,Ovarian_Cancer,Melanoma,associated_with,co-occurrence,0.624,9,836,KNOWN_DRUG_NEW_CANCER,,,,NOT_ASSESSED,,
Dabrafenib,Dabrafenib,Type2_Diabetes,Melanoma,associated_with,co-occurrence,0.624,0,836,KNOWN_DRUG_NEW_CANCER,,,,NOT_ASSESSED,,
Irinotecan,Irinotecan,HCC,TOP1,associated_with,co-occurrence,0.624,49,9311,WELL_STUDIED_PAIR,,,,NOT_ASSESSED,,
Irinotecan,Irinotecan,Ovarian_Cancer,TOP1,associated_with,co-occurrence,0.624,172,9311,WELL_STUDIED_PAIR,,,,NOT_ASSESSED,,
Crizotinib,Crizotinib,Breast_Cancer,ALK,associated_with,co-occurrence,0.624,69,2817,WELL_STUDIED_PAIR,,,,NOT_ASSESSED,,
Gefitinib,Gefitinib,Pancreatic_Cancer,EGFR,associated_with,co-occurrence,0.624,68,6742,WELL_STUDIED_PAIR,,,,NOT_ASSESSED,,
Metformin,Metformin,AML,MTOR,associated_with,co-occurrence,0.624,46,5396,WELL_STUDIED_PAIR,YES,,,NOT_ASSESSED,,
Niclosamide,Niclosamide,Breast_Cancer,MTOR,associated_with,co-occurrence,0.624,51,337,WELL_STUDIED_PAIR,YES,,,NOT_ASSESSED,,
Niclosamide,Niclosamide,AML,MTOR,associated_with,co-occurrence,0.624,8,337,KNOWN_DRUG_NEW_CANCER,YES,,,NOT_ASSESSED,,
Cetuximab,Cetuximab,Pancreatic_Cancer,EGFR,associated_with,co-occurrence,0.6175,137,6937,WELL_STUDIED_PAIR,,,,NOT_ASSESSED,,
Trametinib,Trametinib,Breast_Cancer,Melanoma,associated_with,co-occurrence,0.6175,83,1309,WELL_STUDIED_PAIR,,,,NOT_ASSESSED,,
Trametinib,Trametinib,CLL,Melanoma,associated_with,co-occurrence,0.6175,4,1309,KNOWN_DRUG_NEW_CANCER,,,,NOT_ASSESSED,,
Trametinib,Trametinib,Glioblastoma,Melanoma,associated_with,co-occurrence,0.6175,56,1309,WELL_STUDIED_PAIR,,,,NOT_ASSESSED,,
Trametinib,Trametinib,Ovarian_Cancer,Melanoma,associated_with,co-occurrence,0.6175,57,1309,WELL_STUDIED_PAIR,,,,NOT_ASSESSED,,
Trametinib,Trametinib,RCC,Melanoma,associated_with,co-occurrence,0.6175,3,1309,KNOWN_DRUG_NEW_CANCER,,,,NOT_ASSESSED,,
Trametinib,Trametinib,Type2_Diabetes,Melanoma,associated_with,co-occurrence,0.6175,0,1309,KNOWN_DRUG_NEW_CANCER,,,,NOT_ASSESSED,,
Thalidomide,Thalidomide,NSCLC,CRBN,associated_with,co-occurrence,0.6175,24,1054,KNOWN_DRUG_NEW_CANCER,YES,,,NOT_ASSESSED,,
Olaparib,Olaparib,AML,Ovarian_Cancer,associated_with,co-occurrence,0.6175,39,3356,WELL_STUDIED_PAIR,,,,NOT_ASSESSED,,
Olaparib,Olaparib,CLL,Ovarian_Cancer,associated_with,co-occurrence,0.6175,4,3356,KNOWN_DRUG_NEW_CANCER,,,,NOT_ASSESSED,,
Olaparib,Olaparib,CML,Ovarian_Cancer,associated_with,co-occurrence,0.6175,5,3356,KNOWN_DRUG_NEW_CANCER,,,,NOT_ASSESSED,,
Olaparib,Olaparib,Prostate_Cancer,Ovarian_Cancer,associated_with,co-occurrence,0.6175,487,3356,WELL_STUDIED_PAIR,,,,NOT_ASSESSED,,
Trastuzumab_deruxtecan,Trastuzumab_deruxtecan,Ovarian_Cancer,TOP1,associated_with,co-occurrence,0.6175,28,1380,WELL_STUDIED_PAIR,,,,NOT_ASSESSED,,
Pemetrexed,Pemetrexed,NSCLC,TYMS,associated_with,co-occurrence,0.6175,2009,3498,WELL_STUDIED_PAIR,,,,NOT_ASSESSED,,
Thalidomide,Thalidomide,CML,CRBN,associated_with,co-occurrence,0.6175,10,1054,KNOWN_DRUG_NEW_CANCER,YES,,,NOT_ASSESSED,,
Aspirin,Aspirin,HCC,COX2,associated_with,co-occurrence,0.6175,150,4583,WELL_STUDIED_PAIR,YES,,,NOT_ASSESSED,,
Doxycycline,Doxycycline,NSCLC,MMP9,associated_with,co-occurrence,0.615,32,1065,WELL_STUDIED_PAIR,YES,,,NOT_ASSESSED,,
Bevacizumab,Bevacizumab,Multiple_Myeloma,Colorectal_Cancer,associated_with,co-occurrence,0.611,26,11890,WELL_STUDIED_PAIR,,,,NOT_ASSESSED,,
Bevacizumab,Bevacizumab,CML,Colorectal_Cancer,associated_with,co-occurrence,0.611,9,11890,KNOWN_DRUG_NEW_CANCER,,,,NOT_ASSESSED,,
Bevacizumab,Bevacizumab,Pancreatic_Cancer,Colorectal_Cancer,associated_with,co-occurrence,0.611,136,11890,WELL_STUDIED_PAIR,,,,NOT_ASSESSED,,
Sunitinib,Sunitinib,Breast_Cancer,RCC,associated_with,co-occurrence,0.611,287,3237,WELL_STUDIED_PAIR,,,,NOT_ASSESSED,,
Sunitinib,Sunitinib,CLL,RCC,associated_with,co-occurrence,0.611,5,3237,KNOWN_DRUG_NEW_CANCER,,,,NOT_ASSESSED,,
Sunitinib,Sunitinib,Melanoma,RCC,associated_with,co-occurrence,0.611,111,3237,WELL_STUDIED_PAIR,,,,NOT_ASSESSED,,
Lapatinib,Lapatinib,Pancreatic_Cancer,EGFR,associated_with,co-occurrence,0.611,39,2862,WELL_STUDIED_PAIR,,,,NOT_ASSESSED,,
Cetuximab,Cetuximab,CML,Colorectal_Cancer,associated_with,co-occurrence,0.6045,4,6937,KNOWN_DRUG_NEW_CANCER,,,,NOT_ASSESSED,,
Cetuximab,Cetuximab,HCC,Colorectal_Cancer,associated_with,co-occurrence,0.6045,39,6937,WELL_STUDIED_PAIR,,,,NOT_ASSESSED,,
Cetuximab,Cetuximab,Multiple_Myeloma,Colorectal_Cancer,associated_with,co-occurrence,0.6045,15,6937,KNOWN_DRUG_NEW_CANCER,,,,NOT_ASSESSED,,
Everolimus,Everolimus,CLL,RCC,associated_with,co-occurrence,0.6045,7,2310,KNOWN_DRUG_NEW_CANCER,,,,NOT_ASSESSED,,
Everolimus,Everolimus,Glioblastoma,RCC,associated_with,co-occurrence,0.6045,58,2310,WELL_STUDIED_PAIR,,,,NOT_ASSESSED,,
Everolimus,Everolimus,HCC,RCC,associated_with,co-occurrence,0.6045,121,2310,WELL_STUDIED_PAIR,,,,NOT_ASSESSED,,
Everolimus,Everolimus,Melanoma,RCC,associated_with,co-occurrence,0.6045,80,2310,WELL_STUDIED_PAIR,,,,NOT_ASSESSED,,
Everolimus,Everolimus,Multiple_Myeloma,RCC,associated_with,co-occurrence,0.6045,24,2310,KNOWN_DRUG_NEW_CANCER,,,,NOT_ASSESSED,,
Fluorouracil,Fluorouracil,NSCLC,TYMS,associated_with,co-occurrence,0.6045,224,29336,WELL_STUDIED_PAIR,YES,,,NOT_ASSESSED,,
Diclofenac,Diclofenac,HCC,COX2,associated_with,co-occurrence,0.6045,7,463,KNOWN_DRUG_NEW_CANCER,,,,NOT_ASSESSED,,
Bevacizumab,Bevacizumab,Glioblastoma,VEGFA,associated_with,co-occurrence,0.6,1543,11890,WELL_STUDIED_PAIR,,,,NOT_ASSESSED,,
Bevacizumab,Bevacizumab,AML,VEGFA,associated_with,co-occurrence,0.6,11,11890,KNOWN_DRUG_NEW_CANCER,,,,NOT_ASSESSED,,
Bevacizumab,Bevacizumab,CLL,VEGFA,associated_with,co-occurrence,0.6,8,11890,KNOWN_DRUG_NEW_CANCER,,,,NOT_ASSESSED,,
Bevacizumab,Bevacizumab,Prostate_Cancer,VEGFA,associated_with,co-occurrence,0.6,117,11890,WELL_STUDIED_PAIR,,,,NOT_ASSESSED,,
Daunorubicin,Daunorubicin,Ovarian_Cancer,TOP2A,associated_with,co-occurrence,0.6,30,1247,WELL_STUDIED_PAIR,YES,,,NOT_ASSESSED,,
Daunorubicin,Daunorubicin,RCC,TOP2A,associated_with,co-occurrence,0.6,2,1247,KNOWN_DRUG_NEW_CANCER,YES,,,NOT_ASSESSED,,
Doxorubicin,Doxorubicin,Ovarian_Cancer,TOP2A,associated_with,co-occurrence,0.6,1570,31621,WELL_STUDIED_PAIR,YES,,,NOT_ASSESSED,,
Doxorubicin,Doxorubicin,RCC,TOP2A,associated_with,co-occurrence,0.6,71,31621,WELL_STUDIED_PAIR,YES,,,NOT_ASSESSED,,
Etoposide,Etoposide,Ovarian_Cancer,TOP2A,associated_with,co-occurrence,0.6,447,9707,WELL_STUDIED_PAIR,YES,,,NOT_ASSESSED,,
Etoposide,Etoposide,RCC,TOP2A,associated_with,co-occurrence,0.6,22,9707,KNOWN_DRUG_NEW_CANCER,YES,,,NOT_ASSESSED,,
Idarubicin,Idarubicin,Ovarian_Cancer,TOP2A,associated_with,co-occurrence,0.6,6,335,KNOWN_DRUG_NEW_CANCER,YES,,,NOT_ASSESSED,,
Idarubicin,Idarubicin,RCC,TOP2A,associated_with,co-occurrence,0.6,0,335,KNOWN_DRUG_NEW_CANCER,YES,,,NOT_ASSESSED,,
Avelumab,Avelumab,AML,CD274,associated_with,co-occurrence,0.6,4,842,KNOWN_DRUG_NEW_CANCER,,,,NOT_ASSESSED,,
Avelumab,Avelumab,RCC,CD274,associated_with,co-occurrence,0.6,77,842,WELL_STUDIED_PAIR,,,,NOT_ASSESSED,,
Cosibelimab,Cosibelimab,AML,CD274,associated_with,co-occurrence,0.6,0,5,UNEXPLORED_DRUG,,,,NOT_ASSESSED,,
Cosibelimab,Cosibelimab,RCC,CD274,associated_with,co-occurrence,0.6,0,5,UNEXPLORED_DRUG,,,,NOT_ASSESSED,,
Aflibercept,Aflibercept,AML,VEGFA,associated_with,co-occurrence,0.6,2,490,KNOWN_DRUG_NEW_CANCER,,,,NOT_ASSESSED,,
Aflibercept,Aflibercept,CLL,VEGFA,associated_with,co-occurrence,0.6,1,490,KNOWN_DRUG_NEW_CANCER,,,,NOT_ASSESSED,,
Aflibercept,Aflibercept,Glioblastoma,VEGFA,associated_with,co-occurrence,0.6,14,490,KNOWN_DRUG_NEW_CANCER,,,,NOT_ASSESSED,,
Aflibercept,Aflibercept,CML,VEGFA,associated_with,co-occurrence,0.6,1,490,KNOWN_DRUG_NEW_CANCER,,,,NOT_ASSESSED,,
Aflibercept,Aflibercept,Prostate_Cancer,VEGFA,associated_with,co-occurrence,0.6,16,490,KNOWN_DRUG_NEW_CANCER,,,,NOT_ASSESSED,,
Bevacizumab Gamma,Bevacizumab Gamma,AML,VEGFA,associated_with,co-occurrence,0.6,0,0,UNEXPLORED_DRUG,,,,NOT_ASSESSED,,
Bevacizumab Gamma,Bevacizumab Gamma,CLL,VEGFA,associated_with,co-occurrence,0.6,0,0,UNEXPLORED_DRUG,,,,NOT_ASSESSED,,
Bevacizumab Gamma,Bevacizumab Gamma,Glioblastoma,VEGFA,associated_with,co-occurrence,0.6,0,0,UNEXPLORED_DRUG,,,,NOT_ASSESSED,,
Bevacizumab Gamma,Bevacizumab Gamma,CML,VEGFA,associated_with,co-occurrence,0.6,0,0,UNEXPLORED_DRUG,,,,NOT_ASSESSED,,
Bevacizumab Gamma,Bevacizumab Gamma,Prostate_Cancer,VEGFA,associated_with,co-occurrence,0.6,0,0,UNEXPLORED_DRUG,,,,NOT_ASSESSED,,
Brolucizumab,Brolucizumab,AML,VEGFA,associated_with,co-occurrence,0.6,0,9,UNEXPLORED_DRUG,,,,NOT_ASSESSED,,
Brolucizumab,Brolucizumab,CLL,VEGFA,associated_with,co-occurrence,0.6,0,9,UNEXPLORED_DRUG,,,,NOT_ASSESSED,,
Brolucizumab,Brolucizumab,Glioblastoma,VEGFA,associated_with,co-occurrence,0.6,0,9,UNEXPLORED_DRUG,,,,NOT_ASSESSED,,
Brolucizumab,Brolucizumab,CML,VEGFA,associated_with,co-occurrence,0.6,0,9,UNEXPLORED_DRUG,,,,NOT_ASSESSED,,
Brolucizumab,Brolucizumab,Prostate_Cancer,VEGFA,associated_with,co-occurrence,0.6,0,9,UNEXPLORED_DRUG,,,,NOT_ASSESSED,,
Faricimab,Faricimab,AML,VEGFA,associated_with,co-occurrence,0.6,0,6,UNEXPLORED_DRUG,,,,NOT_ASSESSED,,
Faricimab,Faricimab,CLL,VEGFA,associated_with,co-occurrence,0.6,0,6,UNEXPLORED_DRUG,,,,NOT_ASSESSED,,
Faricimab,Faricimab,Glioblastoma,VEGFA,associated_with,co-occurrence,0.6,0,6,UNEXPLORED_DRUG,,,,NOT_ASSESSED,,
Faricimab,Faricimab,CML,VEGFA,associated_with,co-occurrence,0.6,0,6,UNEXPLORED_DRUG,,,,NOT_ASSESSED,,
Faricimab,Faricimab,Prostate_Cancer,VEGFA,associated_with,co-occurrence,0.6,0,6,UNEXPLORED_DRUG,,,,NOT_ASSESSED,,
Ibalizumab,Ibalizumab,Ovarian_Cancer,CD4,associated_with,co-occurrence,0.6,0,5,UNEXPLORED_DRUG,,,,NOT_ASSESSED,,
Ibalizumab,Ibalizumab,CML,CD4,associated_with,co-occurrence,0.6,1,5,UNEXPLORED_DRUG,,,,NOT_ASSESSED,,
Ibalizumab,Ibalizumab,Colorectal_Cancer,CD4,associated_with,co-occurrence,0.6,0,5,UNEXPLORED_DRUG,,,,NOT_ASSESSED,,
Ibalizumab,Ibalizumab,Multiple_Myeloma,CD4,associated_with,co-occurrence,0.6,0,5,UNEXPLORED_DRUG,,,,NOT_ASSESSED,,
Capecitabine,Capecitabine,AML,TYMS,associated_with,co-occurrence,0.6,9,7643,KNOWN_DRUG_NEW_CANCER,YES,,,NOT_ASSESSED,,
Capecitabine,Capecitabine,HCC,TYMS,associated_with,co-occurrence,0.6,74,7643,WELL_STUDIED_PAIR,YES,,,NOT_ASSESSED,,
Capecitabine,Capecitabine,Melanoma,TYMS,associated_with,co-occurrence,0.6,37,7643,WELL_STUDIED_PAIR,YES,,,NOT_ASSESSED,,
Capecitabine,Capecitabine,Prostate_Cancer,TYMS,associated_with,co-occurrence,0.6,38,7643,WELL_STUDIED_PAIR,YES,,,NOT_ASSESSED,,
Capecitabine,Capecitabine,RCC,TYMS,associated_with,co-occurrence,0.6,18,7643,KNOWN_DRUG_NEW_CANCER,YES,,,NOT_ASSESSED,,
Capecitabine,Capecitabine,CLL,TYMS,associated_with,co-occurrence,0.6,1,7643,KNOWN_DRUG_NEW_CANCER,YES,,,NOT_ASSESSED,,
Capecitabine,Capecitabine,Glioblastoma,TYMS,associated_with,co-occurrence,0.6,14,7643,KNOWN_DRUG_NEW_CANCER,YES,,,NOT_ASSESSED,,
Capecitabine,Capecitabine,Ovarian_Cancer,TYMS,associated_with,co-occurrence,0.6,45,7643,WELL_STUDIED_PAIR,YES,,,NOT_ASSESSED,,
Floxuridine,Floxuridine,AML,TYMS,associated_with,co-occurrence,0.6,0,273,KNOWN_DRUG_NEW_CANCER,,,,NOT_ASSESSED,,
Floxuridine,Floxuridine,HCC,TYMS,associated_with,co-occurrence,0.6,11,273,KNOWN_DRUG_NEW_CANCER,,,,NOT_ASSESSED,,
Floxuridine,Floxuridine,Melanoma,TYMS,associated_with,co-occurrence,0.6,5,273,KNOWN_DRUG_NEW_CANCER,,,,NOT_ASSESSED,,
Floxuridine,Floxuridine,Prostate_Cancer,TYMS,associated_with,co-occurrence,0.6,2,273,KNOWN_DRUG_NEW_CANCER,,,,NOT_ASSESSED,,
Floxuridine,Floxuridine,RCC,TYMS,associated_with,co-occurrence,0.6,8,273,KNOWN_DRUG_NEW_CANCER,,,,NOT_ASSESSED,,
Floxuridine,Floxuridine,CLL,TYMS,associated_with,co-occurrence,0.6,2,273,KNOWN_DRUG_NEW_CANCER,,,,NOT_ASSESSED,,
Floxuridine,Floxuridine,Glioblastoma,TYMS,associated_with,co-occurrence,0.6,0,273,KNOWN_DRUG_NEW_CANCER,,,,NOT_ASSESSED,,
Floxuridine,Floxuridine,Ovarian_Cancer,TYMS,associated_with,co-occurrence,0.6,9,273,KNOWN_DRUG_NEW_CANCER,,,,NOT_ASSESSED,,
Atorvastatin,Atorvastatin,Breast_Cancer,HMGCR,associated_with,co-occurrence,0.6,124,566,WELL_STUDIED_PAIR,YES,,,NOT_ASSESSED,,
Brigatinib,Brigatinib,Colorectal_Cancer,EGFR,associated_with,co-occurrence,0.6,4,462,KNOWN_DRUG_NEW_CANCER,,,,NOT_ASSESSED,,
Ceritinib,Ceritinib,Colorectal_Cancer,ALK,associated_with,co-occurrence,0.6,3,625,KNOWN_DRUG_NEW_CANCER,,,,NOT_ASSESSED,,
Ceritinib,Ceritinib,Glioblastoma,ALK,associated_with,co-occurrence,0.6,8,625,KNOWN_DRUG_NEW_CANCER,,,,NOT_ASSESSED,,
Ceritinib,Ceritinib,Ovarian_Cancer,ALK,associated_with,co-occurrence,0.6,2,625,KNOWN_DRUG_NEW_CANCER,,,,NOT_ASSESSED,,
Ceritinib,Ceritinib,RCC,ALK,associated_with,co-occurrence,0.6,0,625,KNOWN_DRUG_NEW_CANCER,,,,NOT_ASSESSED,,
Ensartinib,Ensartinib,Colorectal_Cancer,ALK,associated_with,co-occurrence,0.6,2,143,KNOWN_DRUG_NEW_CANCER,,,,NOT_ASSESSED,,
Ensartinib,Ensartinib,Glioblastoma,ALK,associated_with,co-occurrence,0.6,1,143,KNOWN_DRUG_NEW_CANCER,,,,NOT_ASSESSED,,
Ensartinib,Ensartinib,Ovarian_Cancer,ALK,associated_with,co-occurrence,0.6,0,143,KNOWN_DRUG_NEW_CANCER,,,,NOT_ASSESSED,,
Ensartinib,Ensartinib,RCC,ALK,associated_with,co-occurrence,0.6,0,143,KNOWN_DRUG_NEW_CANCER,,,,NOT_ASSESSED,,
Cemiplimab,Cemiplimab,Colorectal_Cancer,PDCD1,associated_with,co-occurrence,0.6,3,416,KNOWN_DRUG_NEW_CANCER,,,,NOT_ASSESSED,,
Cemiplimab,Cemiplimab,Glioblastoma,PDCD1,associated_with,co-occurrence,0.6,0,416,KNOWN_DRUG_NEW_CANCER,,,,NOT_ASSESSED,,
Cemiplimab,Cemiplimab,Ovarian_Cancer,PDCD1,associated_with,co-occurrence,0.6,5,416,KNOWN_DRUG_NEW_CANCER,,,,NOT_ASSESSED,,
Cemiplimab,Cemiplimab,Pancreatic_Cancer,PDCD1,associated_with,co-occurrence,0.6,2,416,KNOWN_DRUG_NEW_CANCER,,,,NOT_ASSESSED,,
Dostarlimab,Dostarlimab,Colorectal_Cancer,PDCD1,associated_with,co-occurrence,0.6,27,244,WELL_STUDIED_PAIR,,,,NOT_ASSESSED,,
Dostarlimab,Dostarlimab,Glioblastoma,PDCD1,associated_with,co-occurrence,0.6,0,244,KNOWN_DRUG_NEW_CANCER,,,,NOT_ASSESSED,,
Dostarlimab,Dostarlimab,Ovarian_Cancer,PDCD1,associated_with,co-occurrence,0.6,15,244,KNOWN_DRUG_NEW_CANCER,,,,NOT_ASSESSED,,
Dostarlimab,Dostarlimab,Pancreatic_Cancer,PDCD1,associated_with,co-occurrence,0.6,3,244,KNOWN_DRUG_NEW_CANCER,,,,NOT_ASSESSED,,
Disulfiram,Disulfiram,AML,ALDH2,associated_with,co-occurrence,0.6,11,590,KNOWN_DRUG_NEW_CANCER,YES,,,NOT_ASSESSED,,
Celecoxib,Celecoxib,Glioblastoma,PTGS2,associated_with,co-occurrence,0.6,73,2020,WELL_STUDIED_PAIR,YES,,,NOT_ASSESSED,,
Celecoxib,Celecoxib,CML,PTGS2,associated_with,co-occurrence,0.6,6,2020,KNOWN_DRUG_NEW_CANCER,YES,,,NOT_ASSESSED,,
Celecoxib,Celecoxib,Melanoma,PTGS2,associated_with,co-occurrence,0.6,73,2020,WELL_STUDIED_PAIR,YES,,,NOT_ASSESSED,,
Nelfinavir,Nelfinavir,AML,AKT1,associated_with,co-occurrence,0.6,1,145,KNOWN_DRUG_NEW_CANCER,,,,NOT_ASSESSED,,
Doxycycline,Doxycycline,Breast_Cancer,MMP7,associated_with,co-occurrence,0.6,197,1065,WELL_STUDIED_PAIR,YES,,,NOT_ASSESSED,,
Doxycycline,Doxycycline,Melanoma,MMP8,associated_with,co-occurrence,0.6,106,1065,WELL_STUDIED_PAIR,YES,,,NOT_ASSESSED,,
Doxycycline,Doxycycline,HCC,MMP7,associated_with,co-occurrence,0.6,45,1065,WELL_STUDIED_PAIR,YES,,,NOT_ASSESSED,,
Doxycycline,Doxycycline,Glioblastoma,MMP8,associated_with,co-occurrence,0.6,60,1065,WELL_STUDIED_PAIR,YES,,,NOT_ASSESSED,,
Doxycycline,Doxycycline,Colorectal_Cancer,MMP7,associated_with,co-occurrence,0.6,78,1065,WELL_STUDIED_PAIR,YES,,,NOT_ASSESSED,,
Doxycycline,Doxycycline,AML,MMP7,associated_with,co-occurrence,0.6,21,1065,KNOWN_DRUG_NEW_CANCER,YES,,,NOT_ASSESSED,,
Atorvastatin,Atorvastatin,Prostate_Cancer,HMGCR,associated_with,co-occurrence,0.6,62,566,WELL_STUDIED_PAIR,YES,,,NOT_ASSESSED,,
Leflunomide,Leflunomide,AML,DHODH,associated_with,co-occurrence,0.6,5,101,KNOWN_DRUG_NEW_CANCER,,,,NOT_ASSESSED,,
Leflunomide,Leflunomide,Colorectal_Cancer,DHODH,associated_with,co-occurrence,0.6,4,101,KNOWN_DRUG_NEW_CANCER,,,,NOT_ASSESSED,,
Leflunomide,Leflunomide,Melanoma,DHODH,associated_with,co-occurrence,0.6,21,101,KNOWN_DRUG_NEW_CANCER,,,,NOT_ASSESSED,,
Leflunomide,Leflunomide,HCC,DHODH,associated_with,co-occurrence,0.6,5,101,KNOWN_DRUG_NEW_CANCER,,,,NOT_ASSESSED,,
Arsenic Trioxide,Arsenic Trioxide,AML,TXNRD1,associated_with,co-occurrence,0.6,315,1041,WELL_STUDIED_PAIR,,,,NOT_ASSESSED,,
Arsenic Trioxide,Arsenic Trioxide,NSCLC,TXNRD1,associated_with,co-occurrence,0.6,19,1041,KNOWN_DRUG_NEW_CANCER,,,,NOT_ASSESSED,,
Disulfiram,Disulfiram,NSCLC,ALDH2,associated_with,co-occurrence,0.6,23,590,KNOWN_DRUG_NEW_CANCER,YES,,,NOT_ASSESSED,,
Disulfiram,Disulfiram,Pancreatic_Cancer,ALDH2,associated_with,co-occurrence,0.6,21,590,KNOWN_DRUG_NEW_CANCER,YES,,,NOT_ASSESSED,,
Disulfiram,Disulfiram,Type2_Diabetes,ALDH2,associated_with,co-occurrence,0.6,0,590,KNOWN_DRUG_NEW_CANCER,YES,,,NOT_ASSESSED,,
Disulfiram,Disulfiram,HCC,ALDH2,associated_with,co-occurrence,0.6,25,590,KNOWN_DRUG_NEW_CANCER,YES,,,NOT_ASSESSED,,
Afatinib,Afatinib,Ewing_Sarcoma,ERBB4,associated_with,co-occurrence,0.6,0,2051,KNOWN_DRUG_NEW_CANCER,,,,NOT_ASSESSED,,
Afatinib,Afatinib,Ovarian_Cancer,ERBB4,associated_with,co-occurrence,0.6,16,2051,KNOWN_DRUG_NEW_CANCER,,,,NOT_ASSESSED,,
Dacomitinib,Dacomitinib,Ewing_Sarcoma,ERBB4,associated_with,co-occurrence,0.6,0,352,KNOWN_DRUG_NEW_CANCER,,,,NOT_ASSESSED,,
Dacomitinib,Dacomitinib,Ovarian_Cancer,ERBB4,associated_with,co-occurrence,0.6,6,352,KNOWN_DRUG_NEW_CANCER,,,,NOT_ASSESSED,,
Asciminib,Asciminib,Ovarian_Cancer,ABL1,associated_with,co-occurrence,0.6,0,40,UNEXPLORED_DRUG,,,,NOT_ASSESSED,,
Bosutinib,Bosutinib,Ovarian_Cancer,ABL1,associated_with,co-occurrence,0.6,0,186,KNOWN_DRUG_NEW_CANCER,,,,NOT_ASSESSED,,
Dasatinib Anhydrous,Dasatinib,Ovarian_Cancer,ABL1,associated_with,co-occurrence,0.6,40,1413,WELL_STUDIED_PAIR,,,,NOT_ASSESSED,,
Cerivastatin,Cerivastatin,Breast_Cancer,HMGCR,associated_with,co-occurrence,0.6,10,35,UNEXPLORED_DRUG,,,,NOT_ASSESSED,,
Cerivastatin,Cerivastatin,Prostate_Cancer,HMGCR,associated_with,co-occurrence,0.6,0,35,UNEXPLORED_DRUG,,,,NOT_ASSESSED,,
Fluvastatin,Fluvastatin,Breast_Cancer,HMGCR,associated_with,co-occurrence,0.6,51,183,WELL_STUDIED_PAIR,,,,NOT_ASSESSED,,
Fluvastatin,Fluvastatin,Prostate_Cancer,HMGCR,associated_with,co-occurrence,0.6,13,183,KNOWN_DRUG_NEW_CANCER,,,,NOT_ASSESSED,,
Carprofen,Carprofen,CML,PTGS2,associated_with,co-occurrence,0.6,0,14,UNEXPLORED_DRUG,,,,NOT_ASSESSED,,
Carprofen,Carprofen,Melanoma,PTGS2,associated_with,co-occurrence,0.6,2,14,UNEXPLORED_DRUG,,,,NOT_ASSESSED,,
Carprofen,Carprofen,Glioblastoma,PTGS2,associated_with,co-occurrence,0.6,0,14,UNEXPLORED_DRUG,,,,NOT_ASSESSED,,
Etodolac,Etodolac,CML,PTGS2,associated_with,co-occurrence,0.6,1,87,KNOWN_DRUG_NEW_CANCER,,,,NOT_ASSESSED,,
Etodolac,Etodolac,Melanoma,PTGS2,associated_with,co-occurrence,0.6,6,87,KNOWN_DRUG_NEW_CANCER,,,,NOT_ASSESSED,,
Etodolac,Etodolac,Glioblastoma,PTGS2,associated_with,co-occurrence,0.6,1,87,KNOWN_DRUG_NEW_CANCER,,,,NOT_ASSESSED,,
Etoricoxib,Etoricoxib,CML,PTGS2,associated_with,co-occurrence,0.6,0,60,KNOWN_DRUG_NEW_CANCER,,,,NOT_ASSESSED,,
Etoricoxib,Etoricoxib,Melanoma,PTGS2,associated_with,co-occurrence,0.6,3,60,KNOWN_DRUG_NEW_CANCER,,,,NOT_ASSESSED,,
Etoricoxib,Etoricoxib,Glioblastoma,PTGS2,associated_with,co-occurrence,0.6,1,60,KNOWN_DRUG_NEW_CANCER,,,,NOT_ASSESSED,,
Crizotinib,Crizotinib,Melanoma,MST1R,associated_with,co-occurrence,0.6,45,2817,WELL_STUDIED_PAIR,,,,NOT_ASSESSED,,
Crizotinib,Crizotinib,Pancreatic_Cancer,MST1R,associated_with,co-occurrence,0.6,19,2817,KNOWN_DRUG_NEW_CANCER,,,,NOT_ASSESSED,,
Crizotinib,Crizotinib,Prostate_Cancer,MST1R,associated_with,co-occurrence,0.6,18,2817,KNOWN_DRUG_NEW_CANCER,,,,NOT_ASSESSED,,
Doxycycline,Doxycycline,GIST,MMP7,associated_with,co-occurrence,0.6,6,1065,KNOWN_DRUG_NEW_CANCER,YES,,,NOT_ASSESSED,,
Doxycycline,Doxycycline,Pancreatic_Cancer,MMP7,associated_with,co-occurrence,0.6,39,1065,WELL_STUDIED_PAIR,YES,,,NOT_ASSESSED,,
Thalidomide,Thalidomide,Breast_Cancer,Multiple_Myeloma,associated_with,co-occurrence,0.598,62,1054,WELL_STUDIED_PAIR,YES,,,NOT_ASSESSED,,
Thalidomide,Thalidomide,CLL,Multiple_Myeloma,associated_with,co-occurrence,0.598,25,1054,KNOWN_DRUG_NEW_CANCER,YES,,,NOT_ASSESSED,,
Thalidomide,Thalidomide,Colorectal_Cancer,Multiple_Myeloma,associated_with,co-occurrence,0.598,31,1054,WELL_STUDIED_PAIR,YES,,,NOT_ASSESSED,,
Thalidomide,Thalidomide,Ewing_Sarcoma,Multiple_Myeloma,associated_with,co-occurrence,0.598,1,1054,KNOWN_DRUG_NEW_CANCER,YES,,,NOT_ASSESSED,,
Thalidomide,Thalidomide,GIST,Multiple_Myeloma,associated_with,co-occurrence,0.598,2,1054,KNOWN_DRUG_NEW_CANCER,YES,,,NOT_ASSESSED,,
Thalidomide,Thalidomide,Ovarian_Cancer,Multiple_Myeloma,associated_with,co-occurrence,0.598,20,1054,KNOWN_DRUG_NEW_CANCER,YES,,,NOT_ASSESSED,,
Thalidomide,Thalidomide,Pancreatic_Cancer,Multiple_Myeloma,associated_with,co-occurrence,0.598,23,1054,KNOWN_DRUG_NEW_CANCER,YES,,,NOT_ASSESSED,,
Mebendazole,Mebendazole,Ovarian_Cancer,TP53,associated_with,co-occurrence,0.598,6,149,KNOWN_DRUG_NEW_CANCER,YES,,,NOT_ASSESSED,,
Indomethacin,Indomethacin,HCC,COX2,associated_with,co-occurrence,0.598,15,1119,KNOWN_DRUG_NEW_CANCER,,,,NOT_ASSESSED,,
Valproic_Acid,Valproic_Acid,Colorectal_Cancer,HDAC2,associated_with,co-occurrence,0.5976,32,824,WELL_STUDIED_PAIR,YES,,,NOT_ASSESSED,,
Sorafenib,Sorafenib,NSCLC,BRAF,associated_with,co-occurrence,0.595,166,6418,WELL_STUDIED_PAIR,,,,NOT_ASSESSED,,
Valproic_Acid,Valproic_Acid,Breast_Cancer,HDAC1,associated_with,co-occurrence,0.595,111,824,WELL_STUDIED_PAIR,YES,,,NOT_ASSESSED,,
Pembrolizumab,Pembrolizumab,Colorectal_Cancer,PDCD1,associated_with,co-occurrence,0.594,423,8884,WELL_STUDIED_PAIR,,,,NOT_ASSESSED,,
Nivolumab,Nivolumab,Colorectal_Cancer,PDCD1,associated_with,co-occurrence,0.594,289,7463,WELL_STUDIED_PAIR,,,,NOT_ASSESSED,,
Lorlatinib,Lorlatinib,Colorectal_Cancer,ALK,associated_with,co-occurrence,0.594,5,650,KNOWN_DRUG_NEW_CANCER,,,,NOT_ASSESSED,,
Lorlatinib,Lorlatinib,Glioblastoma,ALK,associated_with,co-occurrence,0.594,4,650,KNOWN_DRUG_NEW_CANCER,,,,NOT_ASSESSED,,
Lorlatinib,Lorlatinib,Ovarian_Cancer,ALK,associated_with,co-occurrence,0.594,1,650,KNOWN_DRUG_NEW_CANCER,,,,NOT_ASSESSED,,
Lorlatinib,Lorlatinib,RCC,ALK,associated_with,co-occurrence,0.594,0,650,KNOWN_DRUG_NEW_CANCER,,,,NOT_ASSESSED,,
Nivolumab,Nivolumab,Pancreatic_Cancer,PDCD1,associated_with,co-occurrence,0.594,58,7463,WELL_STUDIED_PAIR,,,,NOT_ASSESSED,,
Pembrolizumab,Pembrolizumab,Pancreatic_Cancer,PDCD1,associated_with,co-occurrence,0.594,103,8884,WELL_STUDIED_PAIR,,,,NOT_ASSESSED,,
Pralsetinib,Pralsetinib,AML,RET,associated_with,co-occurrence,0.594,0,255,KNOWN_DRUG_NEW_CANCER,,,,NOT_ASSESSED,,
Pralsetinib,Pralsetinib,Breast_Cancer,RET,associated_with,co-occurrence,0.594,12,255,KNOWN_DRUG_NEW_CANCER,,,,NOT_ASSESSED,,
Pralsetinib,Pralsetinib,Melanoma,RET,associated_with,co-occurrence,0.594,3,255,KNOWN_DRUG_NEW_CANCER,,,,NOT_ASSESSED,,
Pralsetinib,Pralsetinib,Prostate_Cancer,RET,associated_with,co-occurrence,0.594,0,255,KNOWN_DRUG_NEW_CANCER,,,,NOT_ASSESSED,,
Selpercatinib,Selpercatinib,AML,RET,associated_with,co-occurrence,0.594,0,420,KNOWN_DRUG_NEW_CANCER,,,,NOT_ASSESSED,,
Selpercatinib,Selpercatinib,Breast_Cancer,RET,associated_with,co-occurrence,0.594,15,420,KNOWN_DRUG_NEW_CANCER,,,,NOT_ASSESSED,,
Selpercatinib,Selpercatinib,Melanoma,RET,associated_with,co-occurrence,0.594,3,420,KNOWN_DRUG_NEW_CANCER,,,,NOT_ASSESSED,,
Selpercatinib,Selpercatinib,Prostate_Cancer,RET,associated_with,co-occurrence,0.594,1,420,KNOWN_DRUG_NEW_CANCER,,,,NOT_ASSESSED,,
Atezolizumab,Atezolizumab,AML,CD274,associated_with,co-occurrence,0.588,4,3302,KNOWN_DRUG_NEW_CANCER,,,,NOT_ASSESSED,,
Atezolizumab,Atezolizumab,RCC,CD274,associated_with,co-occurrence,0.588,70,3302,WELL_STUDIED_PAIR,,,,NOT_ASSESSED,,
Durvalumab,Durvalumab,AML,CD274,associated_with,co-occurrence,0.588,6,2295,KNOWN_DRUG_NEW_CANCER,,,,NOT_ASSESSED,,
Durvalumab,Durvalumab,RCC,CD274,associated_with,co-occurrence,0.588,14,2295,KNOWN_DRUG_NEW_CANCER,,,,NOT_ASSESSED,,
Alectinib,Alectinib,Glioblastoma,ALK,associated_with,co-occurrence,0.588,9,1179,KNOWN_DRUG_NEW_CANCER,,,,NOT_ASSESSED,,
Alectinib,Alectinib,Ovarian_Cancer,ALK,associated_with,co-occurrence,0.588,4,1179,KNOWN_DRUG_NEW_CANCER,,,,NOT_ASSESSED,,
Alectinib,Alectinib,RCC,ALK,associated_with,co-occurrence,0.588,3,1179,KNOWN_DRUG_NEW_CANCER,,,,NOT_ASSESSED,,
Brigatinib,Brigatinib,Ovarian_Cancer,ALK,associated_with,co-occurrence,0.588,2,462,KNOWN_DRUG_NEW_CANCER,,,,NOT_ASSESSED,,
Brigatinib,Brigatinib,RCC,ALK,associated_with,co-occurrence,0.588,0,462,KNOWN_DRUG_NEW_CANCER,,,,NOT_ASSESSED,,
Ipilimumab,Ipilimumab,AML,CTLA4,associated_with,co-occurrence,0.588,15,3000,KNOWN_DRUG_NEW_CANCER,,,,NOT_ASSESSED,,
Ipilimumab,Ipilimumab,Multiple_Myeloma,CTLA4,associated_with,co-occurrence,0.588,11,3000,KNOWN_DRUG_NEW_CANCER,,,,NOT_ASSESSED,,
Ipilimumab,Ipilimumab,NSCLC,CTLA4,associated_with,co-occurrence,0.588,357,3000,WELL_STUDIED_PAIR,,,,NOT_ASSESSED,,
Trastuzumab,Trastuzumab,Colorectal_Cancer,ERBB2,associated_with,co-occurrence,0.588,248,13870,WELL_STUDIED_PAIR,,,,NOT_ASSESSED,,
Trastuzumab_deruxtecan,Trastuzumab_deruxtecan,Colorectal_Cancer,ERBB2,associated_with,co-occurrence,0.588,54,1380,WELL_STUDIED_PAIR,,,,NOT_ASSESSED,,
Larotrectinib,Larotrectinib,Glioblastoma,NTRK1,associated_with,co-occurrence,0.588,16,294,KNOWN_DRUG_NEW_CANCER,,,,NOT_ASSESSED,,
Larotrectinib,Larotrectinib,Pancreatic_Cancer,NTRK1,associated_with,co-occurrence,0.588,10,294,KNOWN_DRUG_NEW_CANCER,,,,NOT_ASSESSED,,
Larotrectinib,Larotrectinib,Prostate_Cancer,NTRK1,associated_with,co-occurrence,0.588,5,294,KNOWN_DRUG_NEW_CANCER,,,,NOT_ASSESSED,,
Larotrectinib,Larotrectinib,Breast_Cancer,NTRK1,associated_with,co-occurrence,0.588,21,294,KNOWN_DRUG_NEW_CANCER,,,,NOT_ASSESSED,,
Larotrectinib,Larotrectinib,Soft_Tissue_Sarcoma,NTRK1,associated_with,co-occurrence,0.588,27,294,WELL_STUDIED_PAIR,,,,NOT_ASSESSED,,
Larotrectinib,Larotrectinib,GIST,NTRK2,associated_with,co-occurrence,0.588,6,294,KNOWN_DRUG_NEW_CANCER,,,,NOT_ASSESSED,,
Larotrectinib,Larotrectinib,HCC,NTRK2,associated_with,co-occurrence,0.588,2,294,KNOWN_DRUG_NEW_CANCER,,,,NOT_ASSESSED,,
Binimetinib,Binimetinib,HCC,MAP2K1,associated_with,co-occurrence,0.588,0,233,KNOWN_DRUG_NEW_CANCER,,,,NOT_ASSESSED,,
Binimetinib,Binimetinib,NSCLC,MAP2K1,associated_with,co-occurrence,0.588,28,233,WELL_STUDIED_PAIR,,,,NOT_ASSESSED,,
Cobimetinib,Cobimetinib,HCC,MAP2K1,associated_with,co-occurrence,0.588,2,169,KNOWN_DRUG_NEW_CANCER,,,,NOT_ASSESSED,,
Cobimetinib,Cobimetinib,NSCLC,MAP2K1,associated_with,co-occurrence,0.588,8,169,KNOWN_DRUG_NEW_CANCER,,,,NOT_ASSESSED,,
Mebendazole,Mebendazole,NSCLC,TP53,associated_with,co-occurrence,0.585,4,149,KNOWN_DRUG_NEW_CANCER,YES,,,NOT_ASSESSED,,
Entrectinib,Entrectinib,Breast_Cancer,ALK,associated_with,co-occurrence,0.585,14,390,KNOWN_DRUG_NEW_CANCER,,,,NOT_ASSESSED,,
Entrectinib,Entrectinib,HCC,ALK,associated_with,co-occurrence,0.585,2,390,KNOWN_DRUG_NEW_CANCER,,,,NOT_ASSESSED,,
Sorafenib,Sorafenib,Soft_Tissue_Sarcoma,VEGFR2,associated_with,co-occurrence,0.585,37,6418,WELL_STUDIED_PAIR,,,,NOT_ASSESSED,,
Metformin,Metformin,NSCLC,AMPK,associated_with,co-occurrence,0.585,176,5396,WELL_STUDIED_PAIR,YES,,,NOT_ASSESSED,,
Metformin,Metformin,HCC,AMPK,associated_with,co-occurrence,0.585,295,5396,WELL_STUDIED_PAIR,YES,,,NOT_ASSESSED,,
Entrectinib,Entrectinib,Glioblastoma,ROS1,associated_with,co-occurrence,0.582,17,390,KNOWN_DRUG_NEW_CANCER,,,,NOT_ASSESSED,,
Celecoxib,Celecoxib,Ovarian_Cancer,COX2,associated_with,co-occurrence,0.582,36,2020,WELL_STUDIED_PAIR,YES,,,NOT_ASSESSED,,
Celecoxib,Celecoxib,CLL,COX2,associated_with,co-occurrence,0.582,2,2020,KNOWN_DRUG_NEW_CANCER,YES,,,NOT_ASSESSED,,
Celecoxib,Celecoxib,AML,COX2,associated_with,co-occurrence,0.582,7,2020,KNOWN_DRUG_NEW_CANCER,YES,,,NOT_ASSESSED,,
Celecoxib,Celecoxib,Breast_Cancer,COX2,associated_with,co-occurrence,0.582,293,2020,WELL_STUDIED_PAIR,YES,,,NOT_ASSESSED,,
Irinotecan,Irinotecan,Pancreatic_Cancer,TOP1,associated_with,co-occurrence,0.576,958,9311,WELL_STUDIED_PAIR,,,,NOT_ASSESSED,,
Irinotecan,Irinotecan,AML,TOP1,associated_with,co-occurrence,0.576,10,9311,KNOWN_DRUG_NEW_CANCER,,,,NOT_ASSESSED,,
Atorvastatin,Atorvastatin,AML,KRAS,associated_with,co-occurrence,0.576,32,566,WELL_STUDIED_PAIR,YES,,,NOT_ASSESSED,,
Crizotinib,Crizotinib,Colorectal_Cancer,ALK,associated_with,co-occurrence,0.576,41,2817,WELL_STUDIED_PAIR,,,,NOT_ASSESSED,,
Crizotinib,Crizotinib,Glioblastoma,ALK,associated_with,co-occurrence,0.576,42,2817,WELL_STUDIED_PAIR,,,,NOT_ASSESSED,,
Crizotinib,Crizotinib,Ovarian_Cancer,ALK,associated_with,co-occurrence,0.576,19,2817,KNOWN_DRUG_NEW_CANCER,,,,NOT_ASSESSED,,
Entrectinib,Entrectinib,Pancreatic_Cancer,NTRK1,associated_with,co-occurrence,0.576,9,390,KNOWN_DRUG_NEW_CANCER,,,,NOT_ASSESSED,,
Entrectinib,Entrectinib,Prostate_Cancer,NTRK1,associated_with,co-occurrence,0.576,4,390,KNOWN_DRUG_NEW_CANCER,,,,NOT_ASSESSED,,
Entrectinib,Entrectinib,Soft_Tissue_Sarcoma,NTRK1,associated_with,co-occurrence,0.576,11,390,KNOWN_DRUG_NEW_CANCER,,,,NOT_ASSESSED,,
Entrectinib,Entrectinib,GIST,NTRK2,associated_with,co-occurrence,0.576,6,390,KNOWN_DRUG_NEW_CANCER,,,,NOT_ASSESSED,,
Itraconazole,Itraconazole,GIST,VEGFR2,associated_with,co-occurrence,0.576,0,509,KNOWN_DRUG_NEW_CANCER,YES,,,NOT_ASSESSED,,
Mebendazole,Mebendazole,Colorectal_Cancer,VEGFR2,associated_with,co-occurrence,0.574,13,149,KNOWN_DRUG_NEW_CANCER,YES,,,NOT_ASSESSED,,
Bevacizumab,Bevacizumab,Soft_Tissue_Sarcoma,VEGFR2,associated_with,co-occurrence,0.572,35,11890,WELL_STUDIED_PAIR,,,,NOT_ASSESSED,,
Verapamil,Verapamil,CML,ABCB1,associated_with,co-occurrence,0.572,14,1417,KNOWN_DRUG_NEW_CANCER,YES,,,NOT_ASSESSED,,
Verapamil,Verapamil,GIST,ABCB1,associated_with,co-occurrence,0.572,0,1417,KNOWN_DRUG_NEW_CANCER,YES,,,NOT_ASSESSED,,
Verapamil,Verapamil,RCC,ABCB1,associated_with,co-occurrence,0.572,10,1417,KNOWN_DRUG_NEW_CANCER,YES,,,NOT_ASSESSED,,
Trastuzumab_deruxtecan,Trastuzumab_deruxtecan,Pancreatic_Cancer,TOP1,associated_with,co-occurrence,0.57,6,1380,KNOWN_DRUG_NEW_CANCER,,,,NOT_ASSESSED,,
Trastuzumab_deruxtecan,Trastuzumab_deruxtecan,AML,TOP1,associated_with,co-occurrence,0.57,0,1380,KNOWN_DRUG_NEW_CANCER,,,,NOT_ASSESSED,,
Pemetrexed,Pemetrexed,AML,TYMS,associated_with,co-occurrence,0.57,3,3498,KNOWN_DRUG_NEW_CANCER,,,,NOT_ASSESSED,,
Pemetrexed,Pemetrexed,HCC,TYMS,associated_with,co-occurrence,0.57,8,3498,KNOWN_DRUG_NEW_CANCER,,,,NOT_ASSESSED,,
Pemetrexed,Pemetrexed,Melanoma,TYMS,associated_with,co-occurrence,0.57,19,3498,KNOWN_DRUG_NEW_CANCER,,,,NOT_ASSESSED,,
Pemetrexed,Pemetrexed,Prostate_Cancer,TYMS,associated_with,co-occurrence,0.57,14,3498,KNOWN_DRUG_NEW_CANCER,,,,NOT_ASSESSED,,
Pemetrexed,Pemetrexed,RCC,TYMS,associated_with,co-occurrence,0.57,4,3498,KNOWN_DRUG_NEW_CANCER,,,,NOT_ASSESSED,,
Pemetrexed,Pemetrexed,CLL,TYMS,associated_with,co-occurrence,0.57,2,3498,KNOWN_DRUG_NEW_CANCER,,,,NOT_ASSESSED,,
Pemetrexed,Pemetrexed,Glioblastoma,TYMS,associated_with,co-occurrence,0.57,13,3498,KNOWN_DRUG_NEW_CANCER,,,,NOT_ASSESSED,,
Pemetrexed,Pemetrexed,Ovarian_Cancer,TYMS,associated_with,co-occurrence,0.57,53,3498,WELL_STUDIED_PAIR,,,,NOT_ASSESSED,,
Aspirin,Aspirin,AML,COX2,associated_with,co-occurrence,0.57,17,4583,KNOWN_DRUG_NEW_CANCER,YES,,,NOT_ASSESSED,,
Aspirin,Aspirin,Breast_Cancer,COX2,associated_with,co-occurrence,0.57,458,4583,WELL_STUDIED_PAIR,YES,,,NOT_ASSESSED,,
Aspirin,Aspirin,CLL,COX2,associated_with,co-occurrence,0.57,16,4583,KNOWN_DRUG_NEW_CANCER,YES,,,NOT_ASSESSED,,
Aspirin,Aspirin,Ovarian_Cancer,COX2,associated_with,co-occurrence,0.57,156,4583,WELL_STUDIED_PAIR,YES,,,NOT_ASSESSED,,
Fluorouracil,Fluorouracil,Ovarian_Cancer,TYMS,associated_with,co-occurrence,0.558,282,29336,WELL_STUDIED_PAIR,YES,,,NOT_ASSESSED,,
Fluorouracil,Fluorouracil,RCC,TYMS,associated_with,co-occurrence,0.558,94,29336,WELL_STUDIED_PAIR,YES,,,NOT_ASSESSED,,
Fluorouracil,Fluorouracil,HCC,TYMS,associated_with,co-occurrence,0.558,820,29336,WELL_STUDIED_PAIR,YES,,,NOT_ASSESSED,,
Fluorouracil,Fluorouracil,Melanoma,TYMS,associated_with,co-occurrence,0.558,474,29336,WELL_STUDIED_PAIR,YES,,,NOT_ASSESSED,,
Fluorouracil,Fluorouracil,Prostate_Cancer,TYMS,associated_with,co-occurrence,0.558,229,29336,WELL_STUDIED_PAIR,YES,,,NOT_ASSESSED,,
Fluorouracil,Fluorouracil,CLL,TYMS,associated_with,co-occurrence,0.558,7,29336,KNOWN_DRUG_NEW_CANCER,YES,,,NOT_ASSESSED,,
Fluorouracil,Fluorouracil,Glioblastoma,TYMS,associated_with,co-occurrence,0.558,113,29336,WELL_STUDIED_PAIR,YES,,,NOT_ASSESSED,,
Diclofenac,Diclofenac,Ovarian_Cancer,COX2,associated_with,co-occurrence,0.558,5,463,KNOWN_DRUG_NEW_CANCER,,,,NOT_ASSESSED,,
Diclofenac,Diclofenac,CLL,COX2,associated_with,co-occurrence,0.558,0,463,KNOWN_DRUG_NEW_CANCER,,,,NOT_ASSESSED,,
Diclofenac,Diclofenac,AML,COX2,associated_with,co-occurrence,0.558,3,463,KNOWN_DRUG_NEW_CANCER,,,,NOT_ASSESSED,,
Diclofenac,Diclofenac,Breast_Cancer,COX2,associated_with,co-occurrence,0.558,73,463,WELL_STUDIED_PAIR,,,,NOT_ASSESSED,,
Indomethacin,Indomethacin,AML,COX2,associated_with,co-occurrence,0.552,12,1119,KNOWN_DRUG_NEW_CANCER,,,,NOT_ASSESSED,,
Indomethacin,Indomethacin,Breast_Cancer,COX2,associated_with,co-occurrence,0.552,155,1119,WELL_STUDIED_PAIR,,,,NOT_ASSESSED,,
Indomethacin,Indomethacin,CLL,COX2,associated_with,co-occurrence,0.552,7,1119,KNOWN_DRUG_NEW_CANCER,,,,NOT_ASSESSED,,
Indomethacin,Indomethacin,Ovarian_Cancer,COX2,associated_with,co-occurrence,0.552,12,1119,KNOWN_DRUG_NEW_CANCER,,,,NOT_ASSESSED,,
Abemaciclib,Abemaciclib,Pancreatic_Cancer,CDK4,associated_with,co-occurrence,0.55,8,1262,KNOWN_DRUG_NEW_CANCER,,,,NOT_ASSESSED,,
Abemaciclib,Abemaciclib,Ovarian_Cancer,CDK4,associated_with,co-occurrence,0.55,7,1262,KNOWN_DRUG_NEW_CANCER,,,,NOT_ASSESSED,,
Abemaciclib,Abemaciclib,Myelofibrosis,CDK4,associated_with,co-occurrence,0.55,0,1262,KNOWN_DRUG_NEW_CANCER,,,,NOT_ASSESSED,,
Abemaciclib,Abemaciclib,Type2_Diabetes,CDK4,associated_with,co-occurrence,0.55,0,1262,KNOWN_DRUG_NEW_CANCER,,,,NOT_ASSESSED,,
Abemaciclib,Abemaciclib,Glioblastoma,CDK4,associated_with,co-occurrence,0.55,31,1262,WELL_STUDIED_PAIR,,,,NOT_ASSESSED,,
Abemaciclib,Abemaciclib,Li_Fraumeni_Syndrome,CDK4,associated_with,co-occurrence,0.55,0,1262,KNOWN_DRUG_NEW_CANCER,,,,NOT_ASSESSED,,
Abemaciclib,Abemaciclib,CML,CDK4,associated_with,co-occurrence,0.55,0,1262,KNOWN_DRUG_NEW_CANCER,,,,NOT_ASSESSED,,
Abemaciclib,Abemaciclib,Prostate_Cancer,CDK4,associated_with,co-occurrence,0.55,7,1262,KNOWN_DRUG_NEW_CANCER,,,,NOT_ASSESSED,,
Abemaciclib,Abemaciclib,CLL,CDK4,associated_with,co-occurrence,0.55,0,1262,KNOWN_DRUG_NEW_CANCER,,,,NOT_ASSESSED,,
Abemaciclib,Abemaciclib,Colorectal_Cancer,CDK4,associated_with,co-occurrence,0.55,14,1262,KNOWN_DRUG_NEW_CANCER,,,,NOT_ASSESSED,,
Abemaciclib,Abemaciclib,RCC,CDK4,associated_with,co-occurrence,0.55,2,1262,KNOWN_DRUG_NEW_CANCER,,,,NOT_ASSESSED,,
Abemaciclib,Abemaciclib,AML,CDK4,associated_with,co-occurrence,0.55,8,1262,KNOWN_DRUG_NEW_CANCER,,,,NOT_ASSESSED,,
Abemaciclib,Abemaciclib,GIST,CDK4,associated_with,co-occurrence,0.55,0,1262,KNOWN_DRUG_NEW_CANCER,,,,NOT_ASSESSED,,
Abemaciclib,Abemaciclib,NSCLC,CDK4,associated_with,co-occurrence,0.55,16,1262,KNOWN_DRUG_NEW_CANCER,,,,NOT_ASSESSED,,
Abemaciclib,Abemaciclib,Melanoma,CDK4,associated_with,co-occurrence,0.55,24,1262,KNOWN_DRUG_NEW_CANCER,,,,NOT_ASSESSED,,
Abemaciclib,Abemaciclib,Ewing_Sarcoma,CDK4,associated_with,co-occurrence,0.55,1,1262,KNOWN_DRUG_NEW_CANCER,,,,NOT_ASSESSED,,
Abemaciclib,Abemaciclib,HCC,CDK4,associated_with,co-occurrence,0.55,7,1262,KNOWN_DRUG_NEW_CANCER,,,,NOT_ASSESSED,,
Abemaciclib,Abemaciclib,Multiple_Myeloma,CDK4,associated_with,co-occurrence,0.55,2,1262,KNOWN_DRUG_NEW_CANCER,,,,NOT_ASSESSED,,
Arsenic Trioxide,Arsenic Trioxide,Ovarian_Cancer,TXNRD1,associated_with,co-occurrence,0.55,35,1041,WELL_STUDIED_PAIR,,,,NOT_ASSESSED,,
Entrectinib,Entrectinib,Colorectal_Cancer,ALK,associated_with,co-occurrence,0.54,29,390,WELL_STUDIED_PAIR,,,,NOT_ASSESSED,,
Entrectinib,Entrectinib,Ovarian_Cancer,ALK,associated_with,co-occurrence,0.54,3,390,KNOWN_DRUG_NEW_CANCER,,,,NOT_ASSESSED,,
Entrectinib,Entrectinib,RCC,ALK,associated_with,co-occurrence,0.54,0,390,KNOWN_DRUG_NEW_CANCER,,,,NOT_ASSESSED,,
Metformin,Metformin,Glioblastoma,AMPK,associated_with,co-occurrence,0.54,131,5396,WELL_STUDIED_PAIR,YES,,,NOT_ASSESSED,,
Niclosamide,Niclosamide,Colorectal_Cancer,NFKB1,associated_with,co-occurrence,0.54,32,337,WELL_STUDIED_PAIR,YES,,,NOT_ASSESSED,,
Auranofin,Auranofin,AML,TXNRD1,associated_with,co-occurrence,0.54,4,385,KNOWN_DRUG_NEW_CANCER,YES,,,NOT_ASSESSED,,
Auranofin,Auranofin,NSCLC,TXNRD1,associated_with,co-occurrence,0.54,21,385,KNOWN_DRUG_NEW_CANCER,YES,,,NOT_ASSESSED,,
Valproic_Acid,Valproic_Acid,NSCLC,HDAC2,associated_with,co-occurrence,0.5395,11,824,KNOWN_DRUG_NEW_CANCER,YES,,,NOT_ASSESSED,,
Trametinib,Trametinib,Pancreatic_Cancer,MEK1,associated_with,co-occurrence,0.539,91,1309,WELL_STUDIED_PAIR,,,,NOT_ASSESSED,,
Trametinib,Trametinib,Soft_Tissue_Sarcoma,MEK1,associated_with,co-occurrence,0.539,8,1309,KNOWN_DRUG_NEW_CANCER,,,,NOT_ASSESSED,,
Trametinib,Trametinib,Myelofibrosis,MEK1,associated_with,co-occurrence,0.539,2,1309,KNOWN_DRUG_NEW_CANCER,,,,NOT_ASSESSED,,
Trametinib,Trametinib,Li_Fraumeni_Syndrome,MEK1,associated_with,co-occurrence,0.539,0,1309,KNOWN_DRUG_NEW_CANCER,,,,NOT_ASSESSED,,
Trametinib,Trametinib,CML,MEK1,associated_with,co-occurrence,0.539,6,1309,KNOWN_DRUG_NEW_CANCER,,,,NOT_ASSESSED,,
Trametinib,Trametinib,Prostate_Cancer,MEK1,associated_with,co-occurrence,0.539,15,1309,KNOWN_DRUG_NEW_CANCER,,,,NOT_ASSESSED,,
Trametinib,Trametinib,Colorectal_Cancer,MEK1,associated_with,co-occurrence,0.539,121,1309,WELL_STUDIED_PAIR,,,,NOT_ASSESSED,,
Trametinib,Trametinib,GIST,MEK1,associated_with,co-occurrence,0.539,2,1309,KNOWN_DRUG_NEW_CANCER,,,,NOT_ASSESSED,,
Trametinib,Trametinib,NSCLC,MEK1,associated_with,co-occurrence,0.539,218,1309,WELL_STUDIED_PAIR,,,,NOT_ASSESSED,,
Trametinib,Trametinib,Ewing_Sarcoma,MEK1,associated_with,co-occurrence,0.539,1,1309,KNOWN_DRUG_NEW_CANCER,,,,NOT_ASSESSED,,
Trametinib,Trametinib,HCC,MEK1,associated_with,co-occurrence,0.539,24,1309,KNOWN_DRUG_NEW_CANCER,,,,NOT_ASSESSED,,
Trametinib,Trametinib,Multiple_Myeloma,MEK1,associated_with,co-occurrence,0.539,14,1309,KNOWN_DRUG_NEW_CANCER,,,,NOT_ASSESSED,,
Palbociclib,Palbociclib,Pancreatic_Cancer,CDK4,associated_with,co-occurrence,0.5335,23,2297,KNOWN_DRUG_NEW_CANCER,,,,NOT_ASSESSED,,
Palbociclib,Palbociclib,Myelofibrosis,CDK4,associated_with,co-occurrence,0.5335,1,2297,KNOWN_DRUG_NEW_CANCER,,,,NOT_ASSESSED,,
Palbociclib,Palbociclib,Li_Fraumeni_Syndrome,CDK4,associated_with,co-occurrence,0.5335,1,2297,KNOWN_DRUG_NEW_CANCER,,,,NOT_ASSESSED,,
Palbociclib,Palbociclib,CML,CDK4,associated_with,co-occurrence,0.5335,4,2297,KNOWN_DRUG_NEW_CANCER,,,,NOT_ASSESSED,,
Palbociclib,Palbociclib,Prostate_Cancer,CDK4,associated_with,co-occurrence,0.5335,22,2297,KNOWN_DRUG_NEW_CANCER,,,,NOT_ASSESSED,,
Palbociclib,Palbociclib,CLL,CDK4,associated_with,co-occurrence,0.5335,3,2297,KNOWN_DRUG_NEW_CANCER,,,,NOT_ASSESSED,,
Palbociclib,Palbociclib,Colorectal_Cancer,CDK4,associated_with,co-occurrence,0.5335,32,2297,WELL_STUDIED_PAIR,,,,NOT_ASSESSED,,
Palbociclib,Palbociclib,AML,CDK4,associated_with,co-occurrence,0.5335,34,2297,WELL_STUDIED_PAIR,,,,NOT_ASSESSED,,
Palbociclib,Palbociclib,GIST,CDK4,associated_with,co-occurrence,0.5335,2,2297,KNOWN_DRUG_NEW_CANCER,,,,NOT_ASSESSED,,
Palbociclib,Palbociclib,NSCLC,CDK4,associated_with,co-occurrence,0.5335,29,2297,WELL_STUDIED_PAIR,,,,NOT_ASSESSED,,
Palbociclib,Palbociclib,Ewing_Sarcoma,CDK4,associated_with,co-occurrence,0.5335,3,2297,KNOWN_DRUG_NEW_CANCER,,,,NOT_ASSESSED,,
Palbociclib,Palbociclib,HCC,CDK4,associated_with,co-occurrence,0.5335,31,2297,WELL_STUDIED_PAIR,,,,NOT_ASSESSED,,
Mebendazole,Mebendazole,Breast_Cancer,TP53,associated_with,co-occurrence,0.533,23,149,KNOWN_DRUG_NEW_CANCER,YES,,,NOT_ASSESSED,,
Pirfenidone,Pirfenidone,HCC,TGFB1,associated_with,co-occurrence,0.533,12,177,KNOWN_DRUG_NEW_CANCER,,,,NOT_ASSESSED,,
Pirfenidone,Pirfenidone,NSCLC,TGFB1,associated_with,co-occurrence,0.533,21,177,KNOWN_DRUG_NEW_CANCER,,,,NOT_ASSESSED,,
Ribociclib,Ribociclib,Pancreatic_Cancer,CDK4,associated_with,co-occurrence,0.528,1,1153,KNOWN_DRUG_NEW_CANCER,,,,NOT_ASSESSED,,
Ribociclib,Ribociclib,Myelofibrosis,CDK4,associated_with,co-occurrence,0.528,1,1153,KNOWN_DRUG_NEW_CANCER,,,,NOT_ASSESSED,,
Ribociclib,Ribociclib,Li_Fraumeni_Syndrome,CDK4,associated_with,co-occurrence,0.528,1,1153,KNOWN_DRUG_NEW_CANCER,,,,NOT_ASSESSED,,
Ribociclib,Ribociclib,CML,CDK4,associated_with,co-occurrence,0.528,0,1153,KNOWN_DRUG_NEW_CANCER,,,,NOT_ASSESSED,,
Ribociclib,Ribociclib,Prostate_Cancer,CDK4,associated_with,co-occurrence,0.528,9,1153,KNOWN_DRUG_NEW_CANCER,,,,NOT_ASSESSED,,
Ribociclib,Ribociclib,CLL,CDK4,associated_with,co-occurrence,0.528,0,1153,KNOWN_DRUG_NEW_CANCER,,,,NOT_ASSESSED,,
Ribociclib,Ribociclib,Colorectal_Cancer,CDK4,associated_with,co-occurrence,0.528,9,1153,KNOWN_DRUG_NEW_CANCER,,,,NOT_ASSESSED,,
Ribociclib,Ribociclib,AML,CDK4,associated_with,co-occurrence,0.528,1,1153,KNOWN_DRUG_NEW_CANCER,,,,NOT_ASSESSED,,
Ribociclib,Ribociclib,GIST,CDK4,associated_with,co-occurrence,0.528,0,1153,KNOWN_DRUG_NEW_CANCER,,,,NOT_ASSESSED,,
Ribociclib,Ribociclib,NSCLC,CDK4,associated_with,co-occurrence,0.528,3,1153,KNOWN_DRUG_NEW_CANCER,,,,NOT_ASSESSED,,
Ribociclib,Ribociclib,Ewing_Sarcoma,CDK4,associated_with,co-occurrence,0.528,1,1153,KNOWN_DRUG_NEW_CANCER,,,,NOT_ASSESSED,,
Ribociclib,Ribociclib,HCC,CDK4,associated_with,co-occurrence,0.528,9,1153,KNOWN_DRUG_NEW_CANCER,,,,NOT_ASSESSED,,
Regorafenib,Regorafenib,Breast_Cancer,RET,associated_with,co-occurrence,0.528,35,1562,WELL_STUDIED_PAIR,,,,NOT_ASSESSED,,
Regorafenib,Regorafenib,Melanoma,RET,associated_with,co-occurrence,0.528,23,1562,KNOWN_DRUG_NEW_CANCER,,,,NOT_ASSESSED,,
Everolimus,Everolimus,Ovarian_Cancer,MTOR,associated_with,co-occurrence,0.528,49,2310,WELL_STUDIED_PAIR,,,,NOT_ASSESSED,,
Everolimus,Everolimus,Soft_Tissue_Sarcoma,MTOR,associated_with,co-occurrence,0.528,10,2310,KNOWN_DRUG_NEW_CANCER,,,,NOT_ASSESSED,,
Everolimus,Everolimus,Myelofibrosis,MTOR,associated_with,co-occurrence,0.528,10,2310,KNOWN_DRUG_NEW_CANCER,,,,NOT_ASSESSED,,
Everolimus,Everolimus,Type2_Diabetes,MTOR,associated_with,co-occurrence,0.528,0,2310,KNOWN_DRUG_NEW_CANCER,,,,NOT_ASSESSED,,
Everolimus,Everolimus,Li_Fraumeni_Syndrome,MTOR,associated_with,co-occurrence,0.528,2,2310,KNOWN_DRUG_NEW_CANCER,,,,NOT_ASSESSED,,
Everolimus,Everolimus,CML,MTOR,associated_with,co-occurrence,0.528,7,2310,KNOWN_DRUG_NEW_CANCER,,,,NOT_ASSESSED,,
Everolimus,Everolimus,Prostate_Cancer,MTOR,associated_with,co-occurrence,0.528,54,2310,WELL_STUDIED_PAIR,,,,NOT_ASSESSED,,
Everolimus,Everolimus,Colorectal_Cancer,MTOR,associated_with,co-occurrence,0.528,51,2310,WELL_STUDIED_PAIR,,,,NOT_ASSESSED,,
Everolimus,Everolimus,GIST,MTOR,associated_with,co-occurrence,0.528,13,2310,KNOWN_DRUG_NEW_CANCER,,,,NOT_ASSESSED,,
Everolimus,Everolimus,Ewing_Sarcoma,MTOR,associated_with,co-occurrence,0.528,4,2310,KNOWN_DRUG_NEW_CANCER,,,,NOT_ASSESSED,,
Verapamil,Verapamil,Breast_Cancer,ABCB1,associated_with,co-occurrence,0.528,306,1417,WELL_STUDIED_PAIR,YES,,,NOT_ASSESSED,,
Verapamil,Verapamil,Colorectal_Cancer,ABCB1,associated_with,co-occurrence,0.528,30,1417,WELL_STUDIED_PAIR,YES,,,NOT_ASSESSED,,
Verapamil,Verapamil,Melanoma,ABCB1,associated_with,co-occurrence,0.528,61,1417,WELL_STUDIED_PAIR,YES,,,NOT_ASSESSED,,
Verapamil,Verapamil,Multiple_Myeloma,ABCB1,associated_with,co-occurrence,0.528,46,1417,WELL_STUDIED_PAIR,YES,,,NOT_ASSESSED,,
Verapamil,Verapamil,Ovarian_Cancer,ABCB1,associated_with,co-occurrence,0.528,65,1417,WELL_STUDIED_PAIR,YES,,,NOT_ASSESSED,,
Verapamil,Verapamil,Prostate_Cancer,ABCB1,associated_with,co-occurrence,0.528,30,1417,WELL_STUDIED_PAIR,YES,,,NOT_ASSESSED,,
Verapamil,Verapamil,Glioblastoma,ABCB1,associated_with,co-occurrence,0.528,31,1417,WELL_STUDIED_PAIR,YES,,,NOT_ASSESSED,,
Verapamil,Verapamil,CLL,ABCB1,associated_with,co-occurrence,0.528,22,1417,KNOWN_DRUG_NEW_CANCER,YES,,,NOT_ASSESSED,,
Sunitinib,Sunitinib,Pancreatic_Cancer,VEGFR2,associated_with,co-occurrence,0.5225,55,3237,WELL_STUDIED_PAIR,,,,NOT_ASSESSED,,
Sunitinib,Sunitinib,Ovarian_Cancer,VEGFR2,associated_with,co-occurrence,0.5225,52,3237,WELL_STUDIED_PAIR,,,,NOT_ASSESSED,,
Sunitinib,Sunitinib,Myelofibrosis,VEGFR2,associated_with,co-occurrence,0.5225,3,3237,KNOWN_DRUG_NEW_CANCER,,,,NOT_ASSESSED,,
Sunitinib,Sunitinib,Type2_Diabetes,VEGFR2,associated_with,co-occurrence,0.5225,0,3237,KNOWN_DRUG_NEW_CANCER,,,,NOT_ASSESSED,,
Sunitinib,Sunitinib,Li_Fraumeni_Syndrome,VEGFR2,associated_with,co-occurrence,0.5225,0,3237,KNOWN_DRUG_NEW_CANCER,,,,NOT_ASSESSED,,
Sunitinib,Sunitinib,NSCLC,VEGFR2,associated_with,co-occurrence,0.5225,103,3237,WELL_STUDIED_PAIR,,,,NOT_ASSESSED,,
Sunitinib,Sunitinib,Ewing_Sarcoma,VEGFR2,associated_with,co-occurrence,0.5225,2,3237,KNOWN_DRUG_NEW_CANCER,,,,NOT_ASSESSED,,
Temsirolimus,Temsirolimus,Pancreatic_Cancer,MTOR,associated_with,co-occurrence,0.5225,9,710,KNOWN_DRUG_NEW_CANCER,,,,NOT_ASSESSED,,
Temsirolimus,Temsirolimus,Ovarian_Cancer,MTOR,associated_with,co-occurrence,0.5225,23,710,KNOWN_DRUG_NEW_CANCER,,,,NOT_ASSESSED,,
Temsirolimus,Temsirolimus,Soft_Tissue_Sarcoma,MTOR,associated_with,co-occurrence,0.5225,11,710,KNOWN_DRUG_NEW_CANCER,,,,NOT_ASSESSED,,
Temsirolimus,Temsirolimus,Myelofibrosis,MTOR,associated_with,co-occurrence,0.5225,5,710,KNOWN_DRUG_NEW_CANCER,,,,NOT_ASSESSED,,
Temsirolimus,Temsirolimus,Type2_Diabetes,MTOR,associated_with,co-occurrence,0.5225,0,710,KNOWN_DRUG_NEW_CANCER,,,,NOT_ASSESSED,,
Temsirolimus,Temsirolimus,Li_Fraumeni_Syndrome,MTOR,associated_with,co-occurrence,0.5225,1,710,KNOWN_DRUG_NEW_CANCER,,,,NOT_ASSESSED,,
Temsirolimus,Temsirolimus,CML,MTOR,associated_with,co-occurrence,0.5225,1,710,KNOWN_DRUG_NEW_CANCER,,,,NOT_ASSESSED,,
Temsirolimus,Temsirolimus,Prostate_Cancer,MTOR,associated_with,co-occurrence,0.5225,22,710,KNOWN_DRUG_NEW_CANCER,,,,NOT_ASSESSED,,
Temsirolimus,Temsirolimus,Colorectal_Cancer,MTOR,associated_with,co-occurrence,0.5225,22,710,KNOWN_DRUG_NEW_CANCER,,,,NOT_ASSESSED,,
Temsirolimus,Temsirolimus,GIST,MTOR,associated_with,co-occurrence,0.5225,3,710,KNOWN_DRUG_NEW_CANCER,,,,NOT_ASSESSED,,
Temsirolimus,Temsirolimus,NSCLC,MTOR,associated_with,co-occurrence,0.5225,14,710,KNOWN_DRUG_NEW_CANCER,,,,NOT_ASSESSED,,
Temsirolimus,Temsirolimus,Ewing_Sarcoma,MTOR,associated_with,co-occurrence,0.5225,5,710,KNOWN_DRUG_NEW_CANCER,,,,NOT_ASSESSED,,
Metformin,Metformin,Colorectal_Cancer,AMPK,associated_with,co-occurrence,0.522,404,5396,WELL_STUDIED_PAIR,YES,,,NOT_ASSESSED,,
Mebendazole,Mebendazole,AML,TP53,associated_with,co-occurrence,0.52,10,149,KNOWN_DRUG_NEW_CANCER,YES,,,NOT_ASSESSED,,
Ivermectin,Ivermectin,AML,AKT1,associated_with,co-occurrence,0.52,2,202,KNOWN_DRUG_NEW_CANCER,YES,,,NOT_ASSESSED,,
Ritonavir,Ritonavir,AML,AKT1,associated_with,co-occurrence,0.52,5,236,KNOWN_DRUG_NEW_CANCER,YES,,,NOT_ASSESSED,,
Doxycycline,Doxycycline,CML,MMP2,associated_with,co-occurrence,0.52,11,1065,KNOWN_DRUG_NEW_CANCER,YES,,,NOT_ASSESSED,,
Auranofin,Auranofin,Colorectal_Cancer,NFKB1,associated_with,co-occurrence,0.5184,19,385,KNOWN_DRUG_NEW_CANCER,YES,,,NOT_ASSESSED,,
Cisplatin,Cisplatin,RCC,TOP2A,associated_with,co-occurrence,0.51,84,51127,WELL_STUDIED_PAIR,YES,,,NOT_ASSESSED,,
Pembrolizumab,Pembrolizumab,CML,CD4,associated_with,co-occurrence,0.51,1,8884,KNOWN_DRUG_NEW_CANCER,,,,NOT_ASSESSED,,
Alectinib,Alectinib,AML,RET,associated_with,co-occurrence,0.51,2,1179,KNOWN_DRUG_NEW_CANCER,,,,NOT_ASSESSED,,
Alectinib,Alectinib,Melanoma,RET,associated_with,co-occurrence,0.51,9,1179,KNOWN_DRUG_NEW_CANCER,,,,NOT_ASSESSED,,
Alectinib,Alectinib,Prostate_Cancer,RET,associated_with,co-occurrence,0.51,3,1179,KNOWN_DRUG_NEW_CANCER,,,,NOT_ASSESSED,,
Valproic_Acid,Valproic_Acid,CLL,HDAC1,associated_with,co-occurrence,0.51,14,824,KNOWN_DRUG_NEW_CANCER,YES,,,NOT_ASSESSED,,
Valproic_Acid,Valproic_Acid,Glioblastoma,HDAC1,associated_with,co-occurrence,0.51,137,824,WELL_STUDIED_PAIR,YES,,,NOT_ASSESSED,,
Valproic_Acid,Valproic_Acid,HCC,HDAC1,associated_with,co-occurrence,0.51,29,824,WELL_STUDIED_PAIR,YES,,,NOT_ASSESSED,,
Valproic_Acid,Valproic_Acid,Melanoma,HDAC1,associated_with,co-occurrence,0.51,47,824,WELL_STUDIED_PAIR,YES,,,NOT_ASSESSED,,
Valproic_Acid,Valproic_Acid,Multiple_Myeloma,HDAC1,associated_with,co-occurrence,0.51,24,824,KNOWN_DRUG_NEW_CANCER,YES,,,NOT_ASSESSED,,
Valproic_Acid,Valproic_Acid,Ovarian_Cancer,HDAC1,associated_with,co-occurrence,0.51,17,824,KNOWN_DRUG_NEW_CANCER,YES,,,NOT_ASSESSED,,
Valproic_Acid,Valproic_Acid,Prostate_Cancer,HDAC1,associated_with,co-occurrence,0.51,68,824,WELL_STUDIED_PAIR,YES,,,NOT_ASSESSED,,
Ipilimumab,Ipilimumab,Pancreatic_Cancer,FOXP3,associated_with,co-occurrence,0.51,29,3000,WELL_STUDIED_PAIR,,,,NOT_ASSESSED,,
Ipilimumab,Ipilimumab,Soft_Tissue_Sarcoma,FOXP3,associated_with,co-occurrence,0.51,15,3000,KNOWN_DRUG_NEW_CANCER,,,,NOT_ASSESSED,,
Cisplatin,Cisplatin,Ewing_Sarcoma,TP53,associated_with,co-occurrence,0.51,43,51127,WELL_STUDIED_PAIR,YES,,,NOT_ASSESSED,,
Disulfiram,Disulfiram,Ovarian_Cancer,TP53,associated_with,co-occurrence,0.506,17,590,KNOWN_DRUG_NEW_CANCER,YES,,,NOT_ASSESSED,,
Artesunate,Artesunate,Colorectal_Cancer,NFKB1,associated_with,co-occurrence,0.504,31,458,WELL_STUDIED_PAIR,,,,NOT_ASSESSED,,
Itraconazole,Itraconazole,Colorectal_Cancer,VEGFR2,associated_with,co-occurrence,0.504,8,509,KNOWN_DRUG_NEW_CANCER,YES,,,NOT_ASSESSED,,
Oxaliplatin,Oxaliplatin,Ewing_Sarcoma,TP53,associated_with,co-occurrence,0.504,1,13815,KNOWN_DRUG_NEW_CANCER,YES,,,NOT_ASSESSED,,
Alpelisib,Alpelisib,Prostate_Cancer,PIK3CA,associated_with,co-occurrence,0.5,4,500,KNOWN_DRUG_NEW_CANCER,,,,NOT_ASSESSED,,
Alpelisib,Alpelisib,Glioblastoma,PIK3CA,associated_with,co-occurrence,0.5,4,500,KNOWN_DRUG_NEW_CANCER,,,,NOT_ASSESSED,,
Copanlisib,Copanlisib,Prostate_Cancer,PIK3CA,associated_with,co-occurrence,0.5,5,93,KNOWN_DRUG_NEW_CANCER,,,,NOT_ASSESSED,,
Copanlisib,Copanlisib,Glioblastoma,PIK3CA,associated_with,co-occurrence,0.5,0,93,KNOWN_DRUG_NEW_CANCER,,,,NOT_ASSESSED,,
Inavolisib,Inavolisib,Prostate_Cancer,PIK3CA,associated_with,co-occurrence,0.5,0,63,KNOWN_DRUG_NEW_CANCER,,,,NOT_ASSESSED,,
Inavolisib,Inavolisib,Glioblastoma,PIK3CA,associated_with,co-occurrence,0.5,0,63,KNOWN_DRUG_NEW_CANCER,,,,NOT_ASSESSED,,
Carboplatin,Carboplatin,Ewing_Sarcoma,TP53,associated_with,co-occurrence,0.498,23,13940,KNOWN_DRUG_NEW_CANCER,YES,,,NOT_ASSESSED,,
Suramin,Suramin,CML,PDGFRA,associated_with,co-occurrence,0.496,0,411,KNOWN_DRUG_NEW_CANCER,,,,NOT_ASSESSED,,
Sorafenib,Sorafenib,Pancreatic_Cancer,VEGFR2,associated_with,co-occurrence,0.495,86,6418,WELL_STUDIED_PAIR,,,,NOT_ASSESSED,,
Sorafenib,Sorafenib,Ovarian_Cancer,VEGFR2,associated_with,co-occurrence,0.495,80,6418,WELL_STUDIED_PAIR,,,,NOT_ASSESSED,,
Sorafenib,Sorafenib,Myelofibrosis,VEGFR2,associated_with,co-occurrence,0.495,3,6418,KNOWN_DRUG_NEW_CANCER,,,,NOT_ASSESSED,,
Sorafenib,Sorafenib,Type2_Diabetes,VEGFR2,associated_with,co-occurrence,0.495,0,6418,KNOWN_DRUG_NEW_CANCER,,,,NOT_ASSESSED,,
Sorafenib,Sorafenib,Li_Fraumeni_Syndrome,VEGFR2,associated_with,co-occurrence,0.495,1,6418,KNOWN_DRUG_NEW_CANCER,,,,NOT_ASSESSED,,
Sorafenib,Sorafenib,CML,VEGFR2,associated_with,co-occurrence,0.495,15,6418,KNOWN_DRUG_NEW_CANCER,,,,NOT_ASSESSED,,
Sorafenib,Sorafenib,Prostate_Cancer,VEGFR2,associated_with,co-occurrence,0.495,87,6418,WELL_STUDIED_PAIR,,,,NOT_ASSESSED,,
Metformin,Metformin,Pancreatic_Cancer,AMPK,associated_with,co-occurrence,0.495,311,5396,WELL_STUDIED_PAIR,YES,,,NOT_ASSESSED,,
Auranofin,Auranofin,Ovarian_Cancer,TXNRD1,associated_with,co-occurrence,0.495,48,385,WELL_STUDIED_PAIR,YES,,,NOT_ASSESSED,,
Ivermectin,Ivermectin,RCC,MTOR,associated_with,co-occurrence,0.492,2,202,KNOWN_DRUG_NEW_CANCER,YES,,,NOT_ASSESSED,,
Nelfinavir,Nelfinavir,RCC,MTOR,associated_with,co-occurrence,0.492,1,145,KNOWN_DRUG_NEW_CANCER,,,,NOT_ASSESSED,,
Doxycycline,Doxycycline,Prostate_Cancer,MMP9,associated_with,co-occurrence,0.492,53,1065,WELL_STUDIED_PAIR,YES,,,NOT_ASSESSED,,
Doxycycline,Doxycycline,Type2_Diabetes,MMP9,associated_with,co-occurrence,0.492,0,1065,KNOWN_DRUG_NEW_CANCER,YES,,,NOT_ASSESSED,,
Pirfenidone,Pirfenidone,Colorectal_Cancer,TGFB1,associated_with,co-occurrence,0.492,6,177,KNOWN_DRUG_NEW_CANCER,,,,NOT_ASSESSED,,
Pirfenidone,Pirfenidone,Breast_Cancer,TGFB1,associated_with,co-occurrence,0.492,23,177,KNOWN_DRUG_NEW_CANCER,,,,NOT_ASSESSED,,
Pirfenidone,Pirfenidone,Glioblastoma,TGFB1,associated_with,co-occurrence,0.492,2,177,KNOWN_DRUG_NEW_CANCER,,,,NOT_ASSESSED,,
Pirfenidone,Pirfenidone,Type2_Diabetes,TGFB1,associated_with,co-occurrence,0.492,0,177,KNOWN_DRUG_NEW_CANCER,,,,NOT_ASSESSED,,
Brigatinib,Brigatinib,Pancreatic_Cancer,EGFR,associated_with,co-occurrence,0.4875,2,462,KNOWN_DRUG_NEW_CANCER,,,,NOT_ASSESSED,,
Bazedoxifene,Bazedoxifene,AML,IL6,associated_with,co-occurrence,0.4875,0,174,KNOWN_DRUG_NEW_CANCER,,,,NOT_ASSESSED,,
Encorafenib,Encorafenib,HCC,BRAF,associated_with,co-occurrence,0.485,0,300,KNOWN_DRUG_NEW_CANCER,,,,NOT_ASSESSED,,
Encorafenib,Encorafenib,Pancreatic_Cancer,BRAF,associated_with,co-occurrence,0.485,2,300,KNOWN_DRUG_NEW_CANCER,,,,NOT_ASSESSED,,
Vemurafenib,Vemurafenib,HCC,BRAF,associated_with,co-occurrence,0.485,7,951,KNOWN_DRUG_NEW_CANCER,,,,NOT_ASSESSED,,
Vemurafenib,Vemurafenib,Pancreatic_Cancer,BRAF,associated_with,co-occurrence,0.485,8,951,KNOWN_DRUG_NEW_CANCER,,,,NOT_ASSESSED,,
Adagrasib,Adagrasib,Breast_Cancer,KRAS,associated_with,co-occurrence,0.485,6,294,KNOWN_DRUG_NEW_CANCER,,,,NOT_ASSESSED,,
Adagrasib,Adagrasib,HCC,KRAS,associated_with,co-occurrence,0.485,0,294,KNOWN_DRUG_NEW_CANCER,,,,NOT_ASSESSED,,
Adagrasib,Adagrasib,Glioblastoma,KRAS,associated_with,co-occurrence,0.485,0,294,KNOWN_DRUG_NEW_CANCER,,,,NOT_ASSESSED,,
Sotorasib,Sotorasib,Breast_Cancer,KRAS,associated_with,co-occurrence,0.485,8,509,KNOWN_DRUG_NEW_CANCER,,,,NOT_ASSESSED,,
Sotorasib,Sotorasib,HCC,KRAS,associated_with,co-occurrence,0.485,1,509,KNOWN_DRUG_NEW_CANCER,,,,NOT_ASSESSED,,
Sotorasib,Sotorasib,Glioblastoma,KRAS,associated_with,co-occurrence,0.485,1,509,KNOWN_DRUG_NEW_CANCER,,,,NOT_ASSESSED,,
Bevacizumab,Bevacizumab,Melanoma,VEGFR2,associated_with,co-occurrence,0.484,285,11890,WELL_STUDIED_PAIR,,,,NOT_ASSESSED,,
Bevacizumab,Bevacizumab,Ovarian_Cancer,VEGFR2,associated_with,co-occurrence,0.484,1408,11890,WELL_STUDIED_PAIR,,,,NOT_ASSESSED,,
Bevacizumab,Bevacizumab,Type2_Diabetes,VEGFR2,associated_with,co-occurrence,0.484,0,11890,KNOWN_DRUG_NEW_CANCER,,,,NOT_ASSESSED,,
Bevacizumab,Bevacizumab,Breast_Cancer,VEGFR2,associated_with,co-occurrence,0.484,1331,11890,WELL_STUDIED_PAIR,,,,NOT_ASSESSED,,
Bevacizumab,Bevacizumab,Myelofibrosis,VEGFR2,associated_with,co-occurrence,0.484,2,11890,KNOWN_DRUG_NEW_CANCER,,,,NOT_ASSESSED,,
Bevacizumab,Bevacizumab,Li_Fraumeni_Syndrome,VEGFR2,associated_with,co-occurrence,0.484,3,11890,KNOWN_DRUG_NEW_CANCER,,,,NOT_ASSESSED,,
Bevacizumab,Bevacizumab,NSCLC,VEGFR2,associated_with,co-occurrence,0.484,1371,11890,WELL_STUDIED_PAIR,,,,NOT_ASSESSED,,
Bevacizumab,Bevacizumab,Ewing_Sarcoma,VEGFR2,associated_with,co-occurrence,0.484,9,11890,KNOWN_DRUG_NEW_CANCER,,,,NOT_ASSESSED,,
Suramin,Suramin,Glioblastoma,PDGFRA,associated_with,co-occurrence,0.4836,13,411,KNOWN_DRUG_NEW_CANCER,,,,NOT_ASSESSED,,
Dabrafenib,Dabrafenib,HCC,BRAF,associated_with,co-occurrence,0.48,6,836,KNOWN_DRUG_NEW_CANCER,,,,NOT_ASSESSED,,
Dabrafenib,Dabrafenib,Pancreatic_Cancer,BRAF,associated_with,co-occurrence,0.48,10,836,KNOWN_DRUG_NEW_CANCER,,,,NOT_ASSESSED,,
Leflunomide,Leflunomide,CML,PDGFRA,associated_with,co-occurrence,0.48,0,101,KNOWN_DRUG_NEW_CANCER,,,,NOT_ASSESSED,,
Leflunomide,Leflunomide,RCC,PDGFRA,associated_with,co-occurrence,0.48,1,101,KNOWN_DRUG_NEW_CANCER,,,,NOT_ASSESSED,,
Propranolol,Propranolol,GIST,VEGFR2,associated_with,co-occurrence,0.48,1,442,KNOWN_DRUG_NEW_CANCER,YES,,,NOT_ASSESSED,,
Itraconazole,Itraconazole,AML,MTOR,associated_with,co-occurrence,0.48,70,509,WELL_STUDIED_PAIR,YES,,,NOT_ASSESSED,,
Itraconazole,Itraconazole,Breast_Cancer,MTOR,associated_with,co-occurrence,0.48,52,509,WELL_STUDIED_PAIR,YES,,,NOT_ASSESSED,,
Ivermectin,Ivermectin,Breast_Cancer,MTOR,associated_with,co-occurrence,0.48,44,202,WELL_STUDIED_PAIR,YES,,,NOT_ASSESSED,,
Nelfinavir,Nelfinavir,Breast_Cancer,MTOR,associated_with,co-occurrence,0.48,21,145,KNOWN_DRUG_NEW_CANCER,,,,NOT_ASSESSED,,
Artesunate,Artesunate,AML,NFKB1,associated_with,co-occurrence,0.476,14,458,KNOWN_DRUG_NEW_CANCER,,,,NOT_ASSESSED,,
Ruxolitinib,Ruxolitinib,Melanoma,CLL,associated_with,co-occurrence,0.468,44,435,WELL_STUDIED_PAIR,,,,NOT_ASSESSED,,
Ruxolitinib,Ruxolitinib,Multiple_Myeloma,CLL,associated_with,co-occurrence,0.468,37,435,WELL_STUDIED_PAIR,,,,NOT_ASSESSED,,
Ruxolitinib,Ruxolitinib,Ovarian_Cancer,CLL,associated_with,co-occurrence,0.468,15,435,KNOWN_DRUG_NEW_CANCER,,,,NOT_ASSESSED,,
Ruxolitinib,Ruxolitinib,Prostate_Cancer,CLL,associated_with,co-occurrence,0.468,8,435,KNOWN_DRUG_NEW_CANCER,,,,NOT_ASSESSED,,
Ruxolitinib,Ruxolitinib,RCC,CLL,associated_with,co-occurrence,0.468,2,435,KNOWN_DRUG_NEW_CANCER,,,,NOT_ASSESSED,,
Erlotinib,Erlotinib,AML,RCC,associated_with,co-occurrence,0.468,30,6432,WELL_STUDIED_PAIR,,,,NOT_ASSESSED,,
Erlotinib,Erlotinib,CLL,RCC,associated_with,co-occurrence,0.468,0,6432,KNOWN_DRUG_NEW_CANCER,,,,NOT_ASSESSED,,
Erlotinib,Erlotinib,HCC,RCC,associated_with,co-occurrence,0.468,131,6432,WELL_STUDIED_PAIR,,,,NOT_ASSESSED,,
Erlotinib,Erlotinib,Melanoma,RCC,associated_with,co-occurrence,0.468,81,6432,WELL_STUDIED_PAIR,,,,NOT_ASSESSED,,
Leflunomide,Leflunomide,Glioblastoma,PDGFRA,associated_with,co-occurrence,0.468,5,101,KNOWN_DRUG_NEW_CANCER,,,,NOT_ASSESSED,,
Thalidomide,Thalidomide,Soft_Tissue_Sarcoma,VEGFR2,associated_with,co-occurrence,0.468,0,1054,KNOWN_DRUG_NEW_CANCER,YES,,,NOT_ASSESSED,,
Itraconazole,Itraconazole,Soft_Tissue_Sarcoma,VEGFR2,associated_with,co-occurrence,0.468,2,509,KNOWN_DRUG_NEW_CANCER,YES,,,NOT_ASSESSED,,
Niclosamide,Niclosamide,Pancreatic_Cancer,STAT3,associated_with,co-occurrence,0.4675,10,337,KNOWN_DRUG_NEW_CANCER,YES,,,NOT_ASSESSED,,
Niclosamide,Niclosamide,Ovarian_Cancer,STAT3,associated_with,co-occurrence,0.4675,18,337,KNOWN_DRUG_NEW_CANCER,YES,,,NOT_ASSESSED,,
Niclosamide,Niclosamide,Soft_Tissue_Sarcoma,STAT3,associated_with,co-occurrence,0.4675,0,337,KNOWN_DRUG_NEW_CANCER,YES,,,NOT_ASSESSED,,
Niclosamide,Niclosamide,Myelofibrosis,STAT3,associated_with,co-occurrence,0.4675,0,337,KNOWN_DRUG_NEW_CANCER,YES,,,NOT_ASSESSED,,
Niclosamide,Niclosamide,Type2_Diabetes,STAT3,associated_with,co-occurrence,0.4675,0,337,KNOWN_DRUG_NEW_CANCER,YES,,,NOT_ASSESSED,,
Niclosamide,Niclosamide,Glioblastoma,STAT3,associated_with,co-occurrence,0.4675,10,337,KNOWN_DRUG_NEW_CANCER,YES,,,NOT_ASSESSED,,
Niclosamide,Niclosamide,Li_Fraumeni_Syndrome,STAT3,associated_with,co-occurrence,0.4675,0,337,KNOWN_DRUG_NEW_CANCER,YES,,,NOT_ASSESSED,,
Niclosamide,Niclosamide,CML,STAT3,associated_with,co-occurrence,0.4675,3,337,KNOWN_DRUG_NEW_CANCER,YES,,,NOT_ASSESSED,,
Niclosamide,Niclosamide,Prostate_Cancer,STAT3,associated_with,co-occurrence,0.4675,37,337,WELL_STUDIED_PAIR,YES,,,NOT_ASSESSED,,
Niclosamide,Niclosamide,CLL,STAT3,associated_with,co-occurrence,0.4675,0,337,KNOWN_DRUG_NEW_CANCER,YES,,,NOT_ASSESSED,,
Niclosamide,Niclosamide,GIST,STAT3,associated_with,co-occurrence,0.4675,2,337,KNOWN_DRUG_NEW_CANCER,YES,,,NOT_ASSESSED,,
Niclosamide,Niclosamide,NSCLC,STAT3,associated_with,co-occurrence,0.4675,10,337,KNOWN_DRUG_NEW_CANCER,YES,,,NOT_ASSESSED,,
Niclosamide,Niclosamide,Melanoma,STAT3,associated_with,co-occurrence,0.4675,16,337,KNOWN_DRUG_NEW_CANCER,YES,,,NOT_ASSESSED,,
Niclosamide,Niclosamide,Ewing_Sarcoma,STAT3,associated_with,co-occurrence,0.4675,0,337,KNOWN_DRUG_NEW_CANCER,YES,,,NOT_ASSESSED,,
Niclosamide,Niclosamide,HCC,STAT3,associated_with,co-occurrence,0.4675,13,337,KNOWN_DRUG_NEW_CANCER,YES,,,NOT_ASSESSED,,
Niclosamide,Niclosamide,Multiple_Myeloma,STAT3,associated_with,co-occurrence,0.4675,3,337,KNOWN_DRUG_NEW_CANCER,YES,,,NOT_ASSESSED,,
Cisplatin,Cisplatin,Pancreatic_Cancer,TP53,associated_with,co-occurrence,0.4675,751,51127,WELL_STUDIED_PAIR,YES,,,NOT_ASSESSED,,
Cisplatin,Cisplatin,Myelofibrosis,TP53,associated_with,co-occurrence,0.4675,3,51127,KNOWN_DRUG_NEW_CANCER,YES,,,NOT_ASSESSED,,
Cisplatin,Cisplatin,Type2_Diabetes,TP53,associated_with,co-occurrence,0.4675,0,51127,KNOWN_DRUG_NEW_CANCER,YES,,,NOT_ASSESSED,,
Cisplatin,Cisplatin,Glioblastoma,TP53,associated_with,co-occurrence,0.4675,516,51127,WELL_STUDIED_PAIR,YES,,,NOT_ASSESSED,,
Cisplatin,Cisplatin,CML,TP53,associated_with,co-occurrence,0.4675,29,51127,WELL_STUDIED_PAIR,YES,,,NOT_ASSESSED,,
Cisplatin,Cisplatin,Prostate_Cancer,TP53,associated_with,co-occurrence,0.4675,704,51127,WELL_STUDIED_PAIR,YES,,,NOT_ASSESSED,,
Cisplatin,Cisplatin,GIST,TP53,associated_with,co-occurrence,0.4675,16,51127,KNOWN_DRUG_NEW_CANCER,YES,,,NOT_ASSESSED,,
Cisplatin,Cisplatin,Melanoma,TP53,associated_with,co-occurrence,0.4675,1476,51127,WELL_STUDIED_PAIR,YES,,,NOT_ASSESSED,,
Cisplatin,Cisplatin,HCC,TP53,associated_with,co-occurrence,0.4675,1094,51127,WELL_STUDIED_PAIR,YES,,,NOT_ASSESSED,,
Cisplatin,Cisplatin,Multiple_Myeloma,TP53,associated_with,co-occurrence,0.4675,144,51127,WELL_STUDIED_PAIR,YES,,,NOT_ASSESSED,,
Bazedoxifene,Bazedoxifene,Ovarian_Cancer,IL6,associated_with,co-occurrence,0.465,9,174,KNOWN_DRUG_NEW_CANCER,,,,NOT_ASSESSED,,
Oxaliplatin,Oxaliplatin,Pancreatic_Cancer,TP53,associated_with,co-occurrence,0.462,961,13815,WELL_STUDIED_PAIR,YES,,,NOT_ASSESSED,,
Oxaliplatin,Oxaliplatin,Myelofibrosis,TP53,associated_with,co-occurrence,0.462,0,13815,KNOWN_DRUG_NEW_CANCER,YES,,,NOT_ASSESSED,,
Oxaliplatin,Oxaliplatin,Type2_Diabetes,TP53,associated_with,co-occurrence,0.462,0,13815,KNOWN_DRUG_NEW_CANCER,YES,,,NOT_ASSESSED,,
Oxaliplatin,Oxaliplatin,Glioblastoma,TP53,associated_with,co-occurrence,0.462,35,13815,WELL_STUDIED_PAIR,YES,,,NOT_ASSESSED,,
Oxaliplatin,Oxaliplatin,CML,TP53,associated_with,co-occurrence,0.462,4,13815,KNOWN_DRUG_NEW_CANCER,YES,,,NOT_ASSESSED,,
Oxaliplatin,Oxaliplatin,Prostate_Cancer,TP53,associated_with,co-occurrence,0.462,78,13815,WELL_STUDIED_PAIR,YES,,,NOT_ASSESSED,,
Oxaliplatin,Oxaliplatin,RCC,TP53,associated_with,co-occurrence,0.462,14,13815,KNOWN_DRUG_NEW_CANCER,YES,,,NOT_ASSESSED,,
Oxaliplatin,Oxaliplatin,GIST,TP53,associated_with,co-occurrence,0.462,3,13815,KNOWN_DRUG_NEW_CANCER,YES,,,NOT_ASSESSED,,
Oxaliplatin,Oxaliplatin,Melanoma,TP53,associated_with,co-occurrence,0.462,89,13815,WELL_STUDIED_PAIR,YES,,,NOT_ASSESSED,,
Oxaliplatin,Oxaliplatin,HCC,TP53,associated_with,co-occurrence,0.462,387,13815,WELL_STUDIED_PAIR,YES,,,NOT_ASSESSED,,
Oxaliplatin,Oxaliplatin,Multiple_Myeloma,TP53,associated_with,co-occurrence,0.462,19,13815,KNOWN_DRUG_NEW_CANCER,YES,,,NOT_ASSESSED,,
Chloroquine,Chloroquine,Ovarian_Cancer,TP53,associated_with,co-occurrence,0.46,72,1971,WELL_STUDIED_PAIR,YES,,,NOT_ASSESSED,,
Carboplatin,Carboplatin,Pancreatic_Cancer,TP53,associated_with,co-occurrence,0.4565,70,13940,WELL_STUDIED_PAIR,YES,,,NOT_ASSESSED,,
Carboplatin,Carboplatin,Myelofibrosis,TP53,associated_with,co-occurrence,0.4565,5,13940,KNOWN_DRUG_NEW_CANCER,YES,,,NOT_ASSESSED,,
Carboplatin,Carboplatin,Type2_Diabetes,TP53,associated_with,co-occurrence,0.4565,0,13940,KNOWN_DRUG_NEW_CANCER,YES,,,NOT_ASSESSED,,
Carboplatin,Carboplatin,Glioblastoma,TP53,associated_with,co-occurrence,0.4565,186,13940,WELL_STUDIED_PAIR,YES,,,NOT_ASSESSED,,
Carboplatin,Carboplatin,CML,TP53,associated_with,co-occurrence,0.4565,16,13940,KNOWN_DRUG_NEW_CANCER,YES,,,NOT_ASSESSED,,
Carboplatin,Carboplatin,Prostate_Cancer,TP53,associated_with,co-occurrence,0.4565,237,13940,WELL_STUDIED_PAIR,YES,,,NOT_ASSESSED,,
Carboplatin,Carboplatin,RCC,TP53,associated_with,co-occurrence,0.4565,11,13940,KNOWN_DRUG_NEW_CANCER,YES,,,NOT_ASSESSED,,
Carboplatin,Carboplatin,GIST,TP53,associated_with,co-occurrence,0.4565,6,13940,KNOWN_DRUG_NEW_CANCER,YES,,,NOT_ASSESSED,,
Carboplatin,Carboplatin,Melanoma,TP53,associated_with,co-occurrence,0.4565,264,13940,WELL_STUDIED_PAIR,YES,,,NOT_ASSESSED,,
Carboplatin,Carboplatin,HCC,TP53,associated_with,co-occurrence,0.4565,41,13940,WELL_STUDIED_PAIR,YES,,,NOT_ASSESSED,,
Carboplatin,Carboplatin,Multiple_Myeloma,TP53,associated_with,co-occurrence,0.4565,28,13940,WELL_STUDIED_PAIR,YES,,,NOT_ASSESSED,,
Suramin,Suramin,Colorectal_Cancer,VEGFR2,associated_with,co-occurrence,0.455,5,411,KNOWN_DRUG_NEW_CANCER,,,,NOT_ASSESSED,,
Mebendazole,Mebendazole,Pancreatic_Cancer,VEGFR2,associated_with,co-occurrence,0.451,4,149,KNOWN_DRUG_NEW_CANCER,YES,,,NOT_ASSESSED,,
Mebendazole,Mebendazole,Myelofibrosis,VEGFR2,associated_with,co-occurrence,0.451,0,149,KNOWN_DRUG_NEW_CANCER,YES,,,NOT_ASSESSED,,
Mebendazole,Mebendazole,Type2_Diabetes,VEGFR2,associated_with,co-occurrence,0.451,0,149,KNOWN_DRUG_NEW_CANCER,YES,,,NOT_ASSESSED,,
Mebendazole,Mebendazole,Glioblastoma,VEGFR2,associated_with,co-occurrence,0.451,24,149,KNOWN_DRUG_NEW_CANCER,YES,,,NOT_ASSESSED,,
Mebendazole,Mebendazole,CML,VEGFR2,associated_with,co-occurrence,0.451,2,149,KNOWN_DRUG_NEW_CANCER,YES,,,NOT_ASSESSED,,
Mebendazole,Mebendazole,Prostate_Cancer,VEGFR2,associated_with,co-occurrence,0.451,5,149,KNOWN_DRUG_NEW_CANCER,YES,,,NOT_ASSESSED,,
Mebendazole,Mebendazole,Ewing_Sarcoma,VEGFR2,associated_with,co-occurrence,0.451,0,149,KNOWN_DRUG_NEW_CANCER,YES,,,NOT_ASSESSED,,
Mebendazole,Mebendazole,Multiple_Myeloma,VEGFR2,associated_with,co-occurrence,0.451,4,149,KNOWN_DRUG_NEW_CANCER,YES,,,NOT_ASSESSED,,
Chloroquine,Chloroquine,RCC,MTOR,associated_with,co-occurrence,0.451,20,1971,KNOWN_DRUG_NEW_CANCER,YES,,,NOT_ASSESSED,,
Disulfiram,Disulfiram,Breast_Cancer,TP53,associated_with,co-occurrence,0.451,107,590,WELL_STUDIED_PAIR,YES,,,NOT_ASSESSED,,
Bazedoxifene,Bazedoxifene,NSCLC,IL6,associated_with,co-occurrence,0.45,4,174,KNOWN_DRUG_NEW_CANCER,,,,NOT_ASSESSED,,
Bazedoxifene,Bazedoxifene,Pancreatic_Cancer,IL6,associated_with,co-occurrence,0.45,7,174,KNOWN_DRUG_NEW_CANCER,,,,NOT_ASSESSED,,
Bazedoxifene,Bazedoxifene,CML,IL6,associated_with,co-occurrence,0.45,0,174,KNOWN_DRUG_NEW_CANCER,,,,NOT_ASSESSED,,
Bazedoxifene,Bazedoxifene,Colorectal_Cancer,IL6,associated_with,co-occurrence,0.45,7,174,KNOWN_DRUG_NEW_CANCER,,,,NOT_ASSESSED,,
Chloroquine,Chloroquine,NSCLC,TP53,associated_with,co-occurrence,0.45,106,1971,WELL_STUDIED_PAIR,YES,,,NOT_ASSESSED,,
Nitroglycerin,Nitroglycerin,Glioblastoma,HIF1A,associated_with,co-occurrence,0.45,1,107,KNOWN_DRUG_NEW_CANCER,YES,,,NOT_ASSESSED,,
Artesunate,Artesunate,GIST,VEGFR2,associated_with,co-occurrence,0.44,0,458,KNOWN_DRUG_NEW_CANCER,,,,NOT_ASSESSED,,
Cimetidine,Cimetidine,GIST,VEGFR2,associated_with,co-occurrence,0.44,2,355,KNOWN_DRUG_NEW_CANCER,YES,,,NOT_ASSESSED,,
Disulfiram,Disulfiram,Glioblastoma,NPL4,associated_with,co-occurrence,0.44,61,590,WELL_STUDIED_PAIR,YES,,,NOT_ASSESSED,,
Chloroquine,Chloroquine,Breast_Cancer,MTOR,associated_with,co-occurrence,0.44,270,1971,WELL_STUDIED_PAIR,YES,,,NOT_ASSESSED,,
Chloroquine,Chloroquine,Colorectal_Cancer,TP53,associated_with,co-occurrence,0.44,132,1971,WELL_STUDIED_PAIR,YES,,,NOT_ASSESSED,,
Chloroquine,Chloroquine,AML,MTOR,associated_with,co-occurrence,0.44,51,1971,WELL_STUDIED_PAIR,YES,,,NOT_ASSESSED,,
Nitroglycerin,Nitroglycerin,Pancreatic_Cancer,HIF1A,associated_with,co-occurrence,0.432,0,107,KNOWN_DRUG_NEW_CANCER,YES,,,NOT_ASSESSED,,
Metformin,Metformin,Soft_Tissue_Sarcoma,MTOR,associated_with,co-occurrence,0.429,5,5396,KNOWN_DRUG_NEW_CANCER,YES,,,NOT_ASSESSED,,
Metformin,Metformin,Myelofibrosis,MTOR,associated_with,co-occurrence,0.429,2,5396,KNOWN_DRUG_NEW_CANCER,YES,,,NOT_ASSESSED,,
Metformin,Metformin,Li_Fraumeni_Syndrome,MTOR,associated_with,co-occurrence,0.429,9,5396,KNOWN_DRUG_NEW_CANCER,YES,,,NOT_ASSESSED,,
Metformin,Metformin,CML,MTOR,associated_with,co-occurrence,0.429,28,5396,WELL_STUDIED_PAIR,YES,,,NOT_ASSESSED,,
Metformin,Metformin,Prostate_Cancer,MTOR,associated_with,co-occurrence,0.429,403,5396,WELL_STUDIED_PAIR,YES,,,NOT_ASSESSED,,
Metformin,Metformin,CLL,MTOR,associated_with,co-occurrence,0.429,10,5396,KNOWN_DRUG_NEW_CANCER,YES,,,NOT_ASSESSED,,
Metformin,Metformin,GIST,MTOR,associated_with,co-occurrence,0.429,1,5396,KNOWN_DRUG_NEW_CANCER,YES,,,NOT_ASSESSED,,
Metformin,Metformin,Ewing_Sarcoma,MTOR,associated_with,co-occurrence,0.429,4,5396,KNOWN_DRUG_NEW_CANCER,YES,,,NOT_ASSESSED,,
Metformin,Metformin,Multiple_Myeloma,MTOR,associated_with,co-occurrence,0.429,65,5396,WELL_STUDIED_PAIR,YES,,,NOT_ASSESSED,,
Ruxolitinib,Ruxolitinib,Breast_Cancer,Ovarian_Cancer,associated_with,co-occurrence,0.4225,44,435,WELL_STUDIED_PAIR,,,,NOT_ASSESSED,,
Ruxolitinib,Ruxolitinib,CML,Ovarian_Cancer,associated_with,co-occurrence,0.4225,29,435,WELL_STUDIED_PAIR,,,,NOT_ASSESSED,,
Ruxolitinib,Ruxolitinib,Pancreatic_Cancer,Ovarian_Cancer,associated_with,co-occurrence,0.4225,27,435,WELL_STUDIED_PAIR,,,,NOT_ASSESSED,,
Ruxolitinib,Ruxolitinib,Soft_Tissue_Sarcoma,Ovarian_Cancer,associated_with,co-occurrence,0.4225,0,435,KNOWN_DRUG_NEW_CANCER,,,,NOT_ASSESSED,,
Ruxolitinib,Ruxolitinib,Type2_Diabetes,Ovarian_Cancer,associated_with,co-occurrence,0.4225,0,435,KNOWN_DRUG_NEW_CANCER,,,,NOT_ASSESSED,,
Suramin,Suramin,Soft_Tissue_Sarcoma,VEGFR2,associated_with,co-occurrence,0.4225,0,411,KNOWN_DRUG_NEW_CANCER,,,,NOT_ASSESSED,,
Clarithromycin,Clarithromycin,AML,IL6,associated_with,co-occurrence,0.4225,15,637,KNOWN_DRUG_NEW_CANCER,YES,,,NOT_ASSESSED,,
Propranolol,Propranolol,Colorectal_Cancer,VEGFR2,associated_with,co-occurrence,0.42,32,442,WELL_STUDIED_PAIR,YES,,,NOT_ASSESSED,,
Nelfinavir,Nelfinavir,Pancreatic_Cancer,AKT1,associated_with,co-occurrence,0.4125,15,145,KNOWN_DRUG_NEW_CANCER,,,,NOT_ASSESSED,,
Nelfinavir,Nelfinavir,Ovarian_Cancer,AKT1,associated_with,co-occurrence,0.4125,6,145,KNOWN_DRUG_NEW_CANCER,,,,NOT_ASSESSED,,
Nelfinavir,Nelfinavir,Soft_Tissue_Sarcoma,AKT1,associated_with,co-occurrence,0.4125,0,145,KNOWN_DRUG_NEW_CANCER,,,,NOT_ASSESSED,,
Nelfinavir,Nelfinavir,Myelofibrosis,AKT1,associated_with,co-occurrence,0.4125,0,145,KNOWN_DRUG_NEW_CANCER,,,,NOT_ASSESSED,,
Nelfinavir,Nelfinavir,Type2_Diabetes,AKT1,associated_with,co-occurrence,0.4125,0,145,KNOWN_DRUG_NEW_CANCER,,,,NOT_ASSESSED,,
Nelfinavir,Nelfinavir,Glioblastoma,AKT1,associated_with,co-occurrence,0.4125,13,145,KNOWN_DRUG_NEW_CANCER,,,,NOT_ASSESSED,,
Nelfinavir,Nelfinavir,Li_Fraumeni_Syndrome,AKT1,associated_with,co-occurrence,0.4125,0,145,KNOWN_DRUG_NEW_CANCER,,,,NOT_ASSESSED,,
Nelfinavir,Nelfinavir,CML,AKT1,associated_with,co-occurrence,0.4125,4,145,KNOWN_DRUG_NEW_CANCER,,,,NOT_ASSESSED,,
Nelfinavir,Nelfinavir,Prostate_Cancer,AKT1,associated_with,co-occurrence,0.4125,7,145,KNOWN_DRUG_NEW_CANCER,,,,NOT_ASSESSED,,
Nelfinavir,Nelfinavir,CLL,AKT1,associated_with,co-occurrence,0.4125,2,145,KNOWN_DRUG_NEW_CANCER,,,,NOT_ASSESSED,,
Nelfinavir,Nelfinavir,Colorectal_Cancer,AKT1,associated_with,co-occurrence,0.4125,0,145,KNOWN_DRUG_NEW_CANCER,,,,NOT_ASSESSED,,
Nelfinavir,Nelfinavir,GIST,AKT1,associated_with,co-occurrence,0.4125,0,145,KNOWN_DRUG_NEW_CANCER,,,,NOT_ASSESSED,,
Nelfinavir,Nelfinavir,NSCLC,AKT1,associated_with,co-occurrence,0.4125,9,145,KNOWN_DRUG_NEW_CANCER,,,,NOT_ASSESSED,,
Nelfinavir,Nelfinavir,Melanoma,AKT1,associated_with,co-occurrence,0.4125,6,145,KNOWN_DRUG_NEW_CANCER,,,,NOT_ASSESSED,,
Nelfinavir,Nelfinavir,Ewing_Sarcoma,AKT1,associated_with,co-occurrence,0.4125,0,145,KNOWN_DRUG_NEW_CANCER,,,,NOT_ASSESSED,,
Nelfinavir,Nelfinavir,HCC,AKT1,associated_with,co-occurrence,0.4125,2,145,KNOWN_DRUG_NEW_CANCER,,,,NOT_ASSESSED,,
Nelfinavir,Nelfinavir,Multiple_Myeloma,AKT1,associated_with,co-occurrence,0.4125,21,145,KNOWN_DRUG_NEW_CANCER,,,,NOT_ASSESSED,,
Clarithromycin,Clarithromycin,RCC,MTOR,associated_with,co-occurrence,0.41,1,637,KNOWN_DRUG_NEW_CANCER,YES,,,NOT_ASSESSED,,
Leflunomide,Leflunomide,Soft_Tissue_Sarcoma,PDGFRA,associated_with,co-occurrence,0.408,0,101,KNOWN_DRUG_NEW_CANCER,,,,NOT_ASSESSED,,
Clarithromycin,Clarithromycin,Ovarian_Cancer,IL6,associated_with,co-occurrence,0.403,2,637,KNOWN_DRUG_NEW_CANCER,YES,,,NOT_ASSESSED,,
Clarithromycin,Clarithromycin,Breast_Cancer,MTOR,associated_with,co-occurrence,0.4,23,637,KNOWN_DRUG_NEW_CANCER,YES,,,NOT_ASSESSED,,
Thalidomide,Thalidomide,Myelofibrosis,VEGFR2,associated_with,co-occurrence,0.396,102,1054,WELL_STUDIED_PAIR,YES,,,NOT_ASSESSED,,
Thalidomide,Thalidomide,Type2_Diabetes,VEGFR2,associated_with,co-occurrence,0.396,0,1054,KNOWN_DRUG_NEW_CANCER,YES,,,NOT_ASSESSED,,
Thalidomide,Thalidomide,Glioblastoma,VEGFR2,associated_with,co-occurrence,0.396,57,1054,WELL_STUDIED_PAIR,YES,,,NOT_ASSESSED,,
Thalidomide,Thalidomide,Li_Fraumeni_Syndrome,VEGFR2,associated_with,co-occurrence,0.396,0,1054,KNOWN_DRUG_NEW_CANCER,YES,,,NOT_ASSESSED,,
Thalidomide,Thalidomide,Prostate_Cancer,VEGFR2,associated_with,co-occurrence,0.396,115,1054,WELL_STUDIED_PAIR,YES,,,NOT_ASSESSED,,
Thalidomide,Thalidomide,AML,VEGFR2,associated_with,co-occurrence,0.396,65,1054,WELL_STUDIED_PAIR,YES,,,NOT_ASSESSED,,
Thalidomide,Thalidomide,Melanoma,VEGFR2,associated_with,co-occurrence,0.396,78,1054,WELL_STUDIED_PAIR,YES,,,NOT_ASSESSED,,
Itraconazole,Itraconazole,Pancreatic_Cancer,VEGFR2,associated_with,co-occurrence,0.396,8,509,KNOWN_DRUG_NEW_CANCER,YES,,,NOT_ASSESSED,,
Itraconazole,Itraconazole,Ovarian_Cancer,VEGFR2,associated_with,co-occurrence,0.396,16,509,KNOWN_DRUG_NEW_CANCER,YES,,,NOT_ASSESSED,,
Itraconazole,Itraconazole,Myelofibrosis,VEGFR2,associated_with,co-occurrence,0.396,2,509,KNOWN_DRUG_NEW_CANCER,YES,,,NOT_ASSESSED,,
Itraconazole,Itraconazole,Type2_Diabetes,VEGFR2,associated_with,co-occurrence,0.396,0,509,KNOWN_DRUG_NEW_CANCER,YES,,,NOT_ASSESSED,,
Itraconazole,Itraconazole,Glioblastoma,VEGFR2,associated_with,co-occurrence,0.396,12,509,KNOWN_DRUG_NEW_CANCER,YES,,,NOT_ASSESSED,,
Itraconazole,Itraconazole,Li_Fraumeni_Syndrome,VEGFR2,associated_with,co-occurrence,0.396,0,509,KNOWN_DRUG_NEW_CANCER,YES,,,NOT_ASSESSED,,
Itraconazole,Itraconazole,CML,VEGFR2,associated_with,co-occurrence,0.396,5,509,KNOWN_DRUG_NEW_CANCER,YES,,,NOT_ASSESSED,,
Itraconazole,Itraconazole,Prostate_Cancer,VEGFR2,associated_with,co-occurrence,0.396,18,509,KNOWN_DRUG_NEW_CANCER,YES,,,NOT_ASSESSED,,
Itraconazole,Itraconazole,CLL,VEGFR2,associated_with,co-occurrence,0.396,3,509,KNOWN_DRUG_NEW_CANCER,YES,,,NOT_ASSESSED,,
Itraconazole,Itraconazole,NSCLC,VEGFR2,associated_with,co-occurrence,0.396,15,509,KNOWN_DRUG_NEW_CANCER,YES,,,NOT_ASSESSED,,
Itraconazole,Itraconazole,Melanoma,VEGFR2,associated_with,co-occurrence,0.396,15,509,KNOWN_DRUG_NEW_CANCER,YES,,,NOT_ASSESSED,,
Itraconazole,Itraconazole,Ewing_Sarcoma,VEGFR2,associated_with,co-occurrence,0.396,1,509,KNOWN_DRUG_NEW_CANCER,YES,,,NOT_ASSESSED,,
Itraconazole,Itraconazole,Multiple_Myeloma,VEGFR2,associated_with,co-occurrence,0.396,12,509,KNOWN_DRUG_NEW_CANCER,YES,,,NOT_ASSESSED,,
Ritonavir,Ritonavir,Colorectal_Cancer,NFKB1,associated_with,co-occurrence,0.396,3,236,KNOWN_DRUG_NEW_CANCER,YES,,,NOT_ASSESSED,,
Propranolol,Propranolol,Soft_Tissue_Sarcoma,VEGFR2,associated_with,co-occurrence,0.39,3,442,KNOWN_DRUG_NEW_CANCER,YES,,,NOT_ASSESSED,,
Clarithromycin,Clarithromycin,NSCLC,IL6,associated_with,co-occurrence,0.39,3,637,KNOWN_DRUG_NEW_CANCER,YES,,,NOT_ASSESSED,,
Clarithromycin,Clarithromycin,Pancreatic_Cancer,IL6,associated_with,co-occurrence,0.39,3,637,KNOWN_DRUG_NEW_CANCER,YES,,,NOT_ASSESSED,,
Clarithromycin,Clarithromycin,CML,IL6,associated_with,co-occurrence,0.39,6,637,KNOWN_DRUG_NEW_CANCER,YES,,,NOT_ASSESSED,,
Clarithromycin,Clarithromycin,Colorectal_Cancer,IL6,associated_with,co-occurrence,0.39,8,637,KNOWN_DRUG_NEW_CANCER,YES,,,NOT_ASSESSED,,
Nitroglycerin,Nitroglycerin,Breast_Cancer,HIF1A,associated_with,co-occurrence,0.39,16,107,KNOWN_DRUG_NEW_CANCER,YES,,,NOT_ASSESSED,,
Nitroglycerin,Nitroglycerin,CML,HIF1A,associated_with,co-occurrence,0.39,0,107,KNOWN_DRUG_NEW_CANCER,YES,,,NOT_ASSESSED,,
Imatinib,Imatinib,Breast_Cancer,AKT1,associated_with,co-occurrence,0.385,282,2935,WELL_STUDIED_PAIR,YES,,,NOT_ASSESSED,,
Imatinib,Imatinib,HCC,AKT1,associated_with,co-occurrence,0.385,46,2935,WELL_STUDIED_PAIR,YES,,,NOT_ASSESSED,,
Cimetidine,Cimetidine,Colorectal_Cancer,VEGFR2,associated_with,co-occurrence,0.385,48,355,WELL_STUDIED_PAIR,YES,,,NOT_ASSESSED,,
Imatinib,Imatinib,Myelofibrosis,AKT1,associated_with,co-occurrence,0.385,75,2935,WELL_STUDIED_PAIR,YES,,,NOT_ASSESSED,,
Imatinib,Imatinib,Type2_Diabetes,AKT1,associated_with,co-occurrence,0.385,0,2935,KNOWN_DRUG_NEW_CANCER,YES,,,NOT_ASSESSED,,
Imatinib,Imatinib,Li_Fraumeni_Syndrome,AKT1,associated_with,co-occurrence,0.385,3,2935,KNOWN_DRUG_NEW_CANCER,YES,,,NOT_ASSESSED,,
Imatinib,Imatinib,CLL,AKT1,associated_with,co-occurrence,0.385,50,2935,WELL_STUDIED_PAIR,YES,,,NOT_ASSESSED,,
Imatinib,Imatinib,Melanoma,AKT1,associated_with,co-occurrence,0.385,272,2935,WELL_STUDIED_PAIR,YES,,,NOT_ASSESSED,,
Ivermectin,Ivermectin,Pancreatic_Cancer,STAT3,associated_with,co-occurrence,0.385,4,202,KNOWN_DRUG_NEW_CANCER,YES,,,NOT_ASSESSED,,
Ivermectin,Ivermectin,Ovarian_Cancer,STAT3,associated_with,co-occurrence,0.385,16,202,KNOWN_DRUG_NEW_CANCER,YES,,,NOT_ASSESSED,,
Ivermectin,Ivermectin,Soft_Tissue_Sarcoma,STAT3,associated_with,co-occurrence,0.385,0,202,KNOWN_DRUG_NEW_CANCER,YES,,,NOT_ASSESSED,,
Ivermectin,Ivermectin,Myelofibrosis,STAT3,associated_with,co-occurrence,0.385,1,202,KNOWN_DRUG_NEW_CANCER,YES,,,NOT_ASSESSED,,
Ivermectin,Ivermectin,Type2_Diabetes,STAT3,associated_with,co-occurrence,0.385,0,202,KNOWN_DRUG_NEW_CANCER,YES,,,NOT_ASSESSED,,
Ivermectin,Ivermectin,Glioblastoma,STAT3,associated_with,co-occurrence,0.385,6,202,KNOWN_DRUG_NEW_CANCER,YES,,,NOT_ASSESSED,,
Ivermectin,Ivermectin,Li_Fraumeni_Syndrome,STAT3,associated_with,co-occurrence,0.385,0,202,KNOWN_DRUG_NEW_CANCER,YES,,,NOT_ASSESSED,,
Ivermectin,Ivermectin,CML,STAT3,associated_with,co-occurrence,0.385,3,202,KNOWN_DRUG_NEW_CANCER,YES,,,NOT_ASSESSED,,
Ivermectin,Ivermectin,Prostate_Cancer,STAT3,associated_with,co-occurrence,0.385,8,202,KNOWN_DRUG_NEW_CANCER,YES,,,NOT_ASSESSED,,
Ivermectin,Ivermectin,CLL,STAT3,associated_with,co-occurrence,0.385,0,202,KNOWN_DRUG_NEW_CANCER,YES,,,NOT_ASSESSED,,
Ivermectin,Ivermectin,Colorectal_Cancer,STAT3,associated_with,co-occurrence,0.385,11,202,KNOWN_DRUG_NEW_CANCER,YES,,,NOT_ASSESSED,,
Ivermectin,Ivermectin,GIST,STAT3,associated_with,co-occurrence,0.385,0,202,KNOWN_DRUG_NEW_CANCER,YES,,,NOT_ASSESSED,,
Ivermectin,Ivermectin,NSCLC,STAT3,associated_with,co-occurrence,0.385,2,202,KNOWN_DRUG_NEW_CANCER,YES,,,NOT_ASSESSED,,
Ivermectin,Ivermectin,Melanoma,STAT3,associated_with,co-occurrence,0.385,12,202,KNOWN_DRUG_NEW_CANCER,YES,,,NOT_ASSESSED,,
Ivermectin,Ivermectin,Ewing_Sarcoma,STAT3,associated_with,co-occurrence,0.385,0,202,KNOWN_DRUG_NEW_CANCER,YES,,,NOT_ASSESSED,,
Ivermectin,Ivermectin,HCC,STAT3,associated_with,co-occurrence,0.385,3,202,KNOWN_DRUG_NEW_CANCER,YES,,,NOT_ASSESSED,,
Ivermectin,Ivermectin,Multiple_Myeloma,STAT3,associated_with,co-occurrence,0.385,10,202,KNOWN_DRUG_NEW_CANCER,YES,,,NOT_ASSESSED,,
Atorvastatin,Atorvastatin,HCC,KRAS,associated_with,co-occurrence,0.36,37,566,WELL_STUDIED_PAIR,YES,,,NOT_ASSESSED,,
Atorvastatin,Atorvastatin,Glioblastoma,KRAS,associated_with,co-occurrence,0.36,27,566,WELL_STUDIED_PAIR,YES,,,NOT_ASSESSED,,
Nitroglycerin,Nitroglycerin,Melanoma,HIF1A,associated_with,co-occurrence,0.36,4,107,KNOWN_DRUG_NEW_CANCER,YES,,,NOT_ASSESSED,,
Nitroglycerin,Nitroglycerin,Prostate_Cancer,HIF1A,associated_with,co-occurrence,0.36,4,107,KNOWN_DRUG_NEW_CANCER,YES,,,NOT_ASSESSED,,
Artesunate,Artesunate,Soft_Tissue_Sarcoma,VEGFR2,associated_with,co-occurrence,0.3575,1,458,KNOWN_DRUG_NEW_CANCER,,,,NOT_ASSESSED,,
Cimetidine,Cimetidine,Soft_Tissue_Sarcoma,VEGFR2,associated_with,co-occurrence,0.3575,1,355,KNOWN_DRUG_NEW_CANCER,YES,,,NOT_ASSESSED,,
Suramin,Suramin,Pancreatic_Cancer,VEGFR2,associated_with,co-occurrence,0.3575,4,411,KNOWN_DRUG_NEW_CANCER,,,,NOT_ASSESSED,,
Suramin,Suramin,Ovarian_Cancer,VEGFR2,associated_with,co-occurrence,0.3575,13,411,KNOWN_DRUG_NEW_CANCER,,,,NOT_ASSESSED,,
Suramin,Suramin,Myelofibrosis,VEGFR2,associated_with,co-occurrence,0.3575,0,411,KNOWN_DRUG_NEW_CANCER,,,,NOT_ASSESSED,,
Suramin,Suramin,Type2_Diabetes,VEGFR2,associated_with,co-occurrence,0.3575,0,411,KNOWN_DRUG_NEW_CANCER,,,,NOT_ASSESSED,,
Suramin,Suramin,Li_Fraumeni_Syndrome,VEGFR2,associated_with,co-occurrence,0.3575,0,411,KNOWN_DRUG_NEW_CANCER,,,,NOT_ASSESSED,,
Suramin,Suramin,Prostate_Cancer,VEGFR2,associated_with,co-occurrence,0.3575,128,411,WELL_STUDIED_PAIR,,,,NOT_ASSESSED,,
Suramin,Suramin,CLL,VEGFR2,associated_with,co-occurrence,0.3575,1,411,KNOWN_DRUG_NEW_CANCER,,,,NOT_ASSESSED,,
Suramin,Suramin,AML,VEGFR2,associated_with,co-occurrence,0.3575,4,411,KNOWN_DRUG_NEW_CANCER,,,,NOT_ASSESSED,,
Suramin,Suramin,NSCLC,VEGFR2,associated_with,co-occurrence,0.3575,7,411,KNOWN_DRUG_NEW_CANCER,,,,NOT_ASSESSED,,
Suramin,Suramin,Melanoma,VEGFR2,associated_with,co-occurrence,0.3575,28,411,WELL_STUDIED_PAIR,,,,NOT_ASSESSED,,
Suramin,Suramin,Ewing_Sarcoma,VEGFR2,associated_with,co-occurrence,0.3575,0,411,KNOWN_DRUG_NEW_CANCER,,,,NOT_ASSESSED,,
Suramin,Suramin,Breast_Cancer,VEGFR2,associated_with,co-occurrence,0.3575,48,411,WELL_STUDIED_PAIR,,,,NOT_ASSESSED,,
Suramin,Suramin,Multiple_Myeloma,VEGFR2,associated_with,co-occurrence,0.3575,5,411,KNOWN_DRUG_NEW_CANCER,,,,NOT_ASSESSED,,
Ritonavir,Ritonavir,Pancreatic_Cancer,AKT1,associated_with,co-occurrence,0.3575,3,236,KNOWN_DRUG_NEW_CANCER,YES,,,NOT_ASSESSED,,
Ritonavir,Ritonavir,Ovarian_Cancer,AKT1,associated_with,co-occurrence,0.3575,4,236,KNOWN_DRUG_NEW_CANCER,YES,,,NOT_ASSESSED,,
Ritonavir,Ritonavir,Soft_Tissue_Sarcoma,AKT1,associated_with,co-occurrence,0.3575,0,236,KNOWN_DRUG_NEW_CANCER,YES,,,NOT_ASSESSED,,
Ritonavir,Ritonavir,Myelofibrosis,AKT1,associated_with,co-occurrence,0.3575,2,236,KNOWN_DRUG_NEW_CANCER,YES,,,NOT_ASSESSED,,
Ritonavir,Ritonavir,Type2_Diabetes,AKT1,associated_with,co-occurrence,0.3575,0,236,KNOWN_DRUG_NEW_CANCER,YES,,,NOT_ASSESSED,,
Ritonavir,Ritonavir,Glioblastoma,AKT1,associated_with,co-occurrence,0.3575,16,236,KNOWN_DRUG_NEW_CANCER,YES,,,NOT_ASSESSED,,
Ritonavir,Ritonavir,Li_Fraumeni_Syndrome,AKT1,associated_with,co-occurrence,0.3575,0,236,KNOWN_DRUG_NEW_CANCER,YES,,,NOT_ASSESSED,,
Ritonavir,Ritonavir,CML,AKT1,associated_with,co-occurrence,0.3575,19,236,KNOWN_DRUG_NEW_CANCER,YES,,,NOT_ASSESSED,,
Ritonavir,Ritonavir,Prostate_Cancer,AKT1,associated_with,co-occurrence,0.3575,11,236,KNOWN_DRUG_NEW_CANCER,YES,,,NOT_ASSESSED,,
Ritonavir,Ritonavir,CLL,AKT1,associated_with,co-occurrence,0.3575,6,236,KNOWN_DRUG_NEW_CANCER,YES,,,NOT_ASSESSED,,
Ritonavir,Ritonavir,RCC,AKT1,associated_with,co-occurrence,0.3575,0,236,KNOWN_DRUG_NEW_CANCER,YES,,,NOT_ASSESSED,,
Ritonavir,Ritonavir,GIST,AKT1,associated_with,co-occurrence,0.3575,0,236,KNOWN_DRUG_NEW_CANCER,YES,,,NOT_ASSESSED,,
Ritonavir,Ritonavir,NSCLC,AKT1,associated_with,co-occurrence,0.3575,6,236,KNOWN_DRUG_NEW_CANCER,YES,,,NOT_ASSESSED,,
Ritonavir,Ritonavir,Melanoma,AKT1,associated_with,co-occurrence,0.3575,3,236,KNOWN_DRUG_NEW_CANCER,YES,,,NOT_ASSESSED,,
Ritonavir,Ritonavir,Ewing_Sarcoma,AKT1,associated_with,co-occurrence,0.3575,0,236,KNOWN_DRUG_NEW_CANCER,YES,,,NOT_ASSESSED,,
Ritonavir,Ritonavir,HCC,AKT1,associated_with,co-occurrence,0.3575,26,236,WELL_STUDIED_PAIR,YES,,,NOT_ASSESSED,,
Ritonavir,Ritonavir,Breast_Cancer,AKT1,associated_with,co-occurrence,0.3575,47,236,WELL_STUDIED_PAIR,YES,,,NOT_ASSESSED,,
Ritonavir,Ritonavir,Multiple_Myeloma,AKT1,associated_with,co-occurrence,0.3575,14,236,KNOWN_DRUG_NEW_CANCER,YES,,,NOT_ASSESSED,,
Bazedoxifene,Bazedoxifene,Soft_Tissue_Sarcoma,STAT3,associated_with,co-occurrence,0.3575,0,174,KNOWN_DRUG_NEW_CANCER,,,,NOT_ASSESSED,,
Bazedoxifene,Bazedoxifene,Myelofibrosis,STAT3,associated_with,co-occurrence,0.3575,0,174,KNOWN_DRUG_NEW_CANCER,,,,NOT_ASSESSED,,
Bazedoxifene,Bazedoxifene,Type2_Diabetes,STAT3,associated_with,co-occurrence,0.3575,0,174,KNOWN_DRUG_NEW_CANCER,,,,NOT_ASSESSED,,
Bazedoxifene,Bazedoxifene,Glioblastoma,STAT3,associated_with,co-occurrence,0.3575,2,174,KNOWN_DRUG_NEW_CANCER,,,,NOT_ASSESSED,,
Bazedoxifene,Bazedoxifene,Li_Fraumeni_Syndrome,STAT3,associated_with,co-occurrence,0.3575,0,174,KNOWN_DRUG_NEW_CANCER,,,,NOT_ASSESSED,,
Bazedoxifene,Bazedoxifene,Prostate_Cancer,STAT3,associated_with,co-occurrence,0.3575,4,174,KNOWN_DRUG_NEW_CANCER,,,,NOT_ASSESSED,,
Bazedoxifene,Bazedoxifene,CLL,STAT3,associated_with,co-occurrence,0.3575,1,174,KNOWN_DRUG_NEW_CANCER,,,,NOT_ASSESSED,,
Bazedoxifene,Bazedoxifene,RCC,STAT3,associated_with,co-occurrence,0.3575,0,174,KNOWN_DRUG_NEW_CANCER,,,,NOT_ASSESSED,,
Bazedoxifene,Bazedoxifene,GIST,STAT3,associated_with,co-occurrence,0.3575,0,174,KNOWN_DRUG_NEW_CANCER,,,,NOT_ASSESSED,,
Bazedoxifene,Bazedoxifene,Melanoma,STAT3,associated_with,co-occurrence,0.3575,0,174,KNOWN_DRUG_NEW_CANCER,,,,NOT_ASSESSED,,
Bazedoxifene,Bazedoxifene,Ewing_Sarcoma,STAT3,associated_with,co-occurrence,0.3575,0,174,KNOWN_DRUG_NEW_CANCER,,,,NOT_ASSESSED,,
Bazedoxifene,Bazedoxifene,HCC,STAT3,associated_with,co-occurrence,0.3575,2,174,KNOWN_DRUG_NEW_CANCER,,,,NOT_ASSESSED,,
Bazedoxifene,Bazedoxifene,Breast_Cancer,STAT3,associated_with,co-occurrence,0.3575,125,174,WELL_STUDIED_PAIR,,,,NOT_ASSESSED,,
Cimetidine,Cimetidine,AML,NFKB1,associated_with,co-occurrence,0.34,2,355,KNOWN_DRUG_NEW_CANCER,YES,,,NOT_ASSESSED,,
Propranolol,Propranolol,AML,NFKB1,associated_with,co-occurrence,0.34,4,442,KNOWN_DRUG_NEW_CANCER,YES,,,NOT_ASSESSED,,
Propranolol,Propranolol,Pancreatic_Cancer,VEGFR2,associated_with,co-occurrence,0.33,16,442,KNOWN_DRUG_NEW_CANCER,YES,,,NOT_ASSESSED,,
Propranolol,Propranolol,Ovarian_Cancer,VEGFR2,associated_with,co-occurrence,0.33,20,442,KNOWN_DRUG_NEW_CANCER,YES,,,NOT_ASSESSED,,
Propranolol,Propranolol,Myelofibrosis,VEGFR2,associated_with,co-occurrence,0.33,0,442,KNOWN_DRUG_NEW_CANCER,YES,,,NOT_ASSESSED,,
Propranolol,Propranolol,Type2_Diabetes,VEGFR2,associated_with,co-occurrence,0.33,0,442,KNOWN_DRUG_NEW_CANCER,YES,,,NOT_ASSESSED,,
Propranolol,Propranolol,Glioblastoma,VEGFR2,associated_with,co-occurrence,0.33,10,442,KNOWN_DRUG_NEW_CANCER,YES,,,NOT_ASSESSED,,
Propranolol,Propranolol,Li_Fraumeni_Syndrome,VEGFR2,associated_with,co-occurrence,0.33,0,442,KNOWN_DRUG_NEW_CANCER,YES,,,NOT_ASSESSED,,
Propranolol,Propranolol,CML,VEGFR2,associated_with,co-occurrence,0.33,1,442,KNOWN_DRUG_NEW_CANCER,YES,,,NOT_ASSESSED,,
Propranolol,Propranolol,Prostate_Cancer,VEGFR2,associated_with,co-occurrence,0.33,20,442,KNOWN_DRUG_NEW_CANCER,YES,,,NOT_ASSESSED,,
Propranolol,Propranolol,CLL,VEGFR2,associated_with,co-occurrence,0.33,0,442,KNOWN_DRUG_NEW_CANCER,YES,,,NOT_ASSESSED,,
Propranolol,Propranolol,NSCLC,VEGFR2,associated_with,co-occurrence,0.33,10,442,KNOWN_DRUG_NEW_CANCER,YES,,,NOT_ASSESSED,,
Propranolol,Propranolol,Melanoma,VEGFR2,associated_with,co-occurrence,0.33,61,442,WELL_STUDIED_PAIR,YES,,,NOT_ASSESSED,,
Propranolol,Propranolol,Ewing_Sarcoma,VEGFR2,associated_with,co-occurrence,0.33,0,442,KNOWN_DRUG_NEW_CANCER,YES,,,NOT_ASSESSED,,
Propranolol,Propranolol,Breast_Cancer,VEGFR2,associated_with,co-occurrence,0.33,90,442,WELL_STUDIED_PAIR,YES,,,NOT_ASSESSED,,
Propranolol,Propranolol,Multiple_Myeloma,VEGFR2,associated_with,co-occurrence,0.33,12,442,KNOWN_DRUG_NEW_CANCER,YES,,,NOT_ASSESSED,,
Aspirin,Aspirin,Pancreatic_Cancer,STAT3,associated_with,co-occurrence,0.33,125,4583,WELL_STUDIED_PAIR,YES,,,NOT_ASSESSED,,
Aspirin,Aspirin,Soft_Tissue_Sarcoma,STAT3,associated_with,co-occurrence,0.33,2,4583,KNOWN_DRUG_NEW_CANCER,YES,,,NOT_ASSESSED,,
Aspirin,Aspirin,Myelofibrosis,STAT3,associated_with,co-occurrence,0.33,138,4583,WELL_STUDIED_PAIR,YES,,,NOT_ASSESSED,,
Aspirin,Aspirin,Type2_Diabetes,STAT3,associated_with,co-occurrence,0.33,1,4583,KNOWN_DRUG_NEW_CANCER,YES,,,NOT_ASSESSED,,
Aspirin,Aspirin,Glioblastoma,STAT3,associated_with,co-occurrence,0.33,23,4583,KNOWN_DRUG_NEW_CANCER,YES,,,NOT_ASSESSED,,
Aspirin,Aspirin,Li_Fraumeni_Syndrome,STAT3,associated_with,co-occurrence,0.33,3,4583,KNOWN_DRUG_NEW_CANCER,YES,,,NOT_ASSESSED,,
Aspirin,Aspirin,CML,STAT3,associated_with,co-occurrence,0.33,18,4583,KNOWN_DRUG_NEW_CANCER,YES,,,NOT_ASSESSED,,
Aspirin,Aspirin,Prostate_Cancer,STAT3,associated_with,co-occurrence,0.33,276,4583,WELL_STUDIED_PAIR,YES,,,NOT_ASSESSED,,
Aspirin,Aspirin,RCC,STAT3,associated_with,co-occurrence,0.33,14,4583,KNOWN_DRUG_NEW_CANCER,YES,,,NOT_ASSESSED,,
Aspirin,Aspirin,GIST,STAT3,associated_with,co-occurrence,0.33,3,4583,KNOWN_DRUG_NEW_CANCER,YES,,,NOT_ASSESSED,,
Aspirin,Aspirin,NSCLC,STAT3,associated_with,co-occurrence,0.33,43,4583,WELL_STUDIED_PAIR,YES,,,NOT_ASSESSED,,
Aspirin,Aspirin,Melanoma,STAT3,associated_with,co-occurrence,0.33,108,4583,WELL_STUDIED_PAIR,YES,,,NOT_ASSESSED,,
Aspirin,Aspirin,Ewing_Sarcoma,STAT3,associated_with,co-occurrence,0.33,0,4583,KNOWN_DRUG_NEW_CANCER,YES,,,NOT_ASSESSED,,
Aspirin,Aspirin,Multiple_Myeloma,STAT3,associated_with,co-occurrence,0.33,114,4583,WELL_STUDIED_PAIR,YES,,,NOT_ASSESSED,,
Disulfiram,Disulfiram,Ewing_Sarcoma,TP53,associated_with,co-occurrence,0.33,1,590,KNOWN_DRUG_NEW_CANCER,YES,,,NOT_ASSESSED,,
Diclofenac,Diclofenac,Pancreatic_Cancer,MYC,associated_with,co-occurrence,0.3025,12,463,KNOWN_DRUG_NEW_CANCER,,,,NOT_ASSESSED,,
Diclofenac,Diclofenac,Soft_Tissue_Sarcoma,MYC,associated_with,co-occurrence,0.3025,1,463,KNOWN_DRUG_NEW_CANCER,,,,NOT_ASSESSED,,
Diclofenac,Diclofenac,Myelofibrosis,MYC,associated_with,co-occurrence,0.3025,1,463,KNOWN_DRUG_NEW_CANCER,,,,NOT_ASSESSED,,
Diclofenac,Diclofenac,Type2_Diabetes,MYC,associated_with,co-occurrence,0.3025,0,463,KNOWN_DRUG_NEW_CANCER,,,,NOT_ASSESSED,,
Diclofenac,Diclofenac,Glioblastoma,MYC,associated_with,co-occurrence,0.3025,10,463,KNOWN_DRUG_NEW_CANCER,,,,NOT_ASSESSED,,
Diclofenac,Diclofenac,Li_Fraumeni_Syndrome,MYC,associated_with,co-occurrence,0.3025,0,463,KNOWN_DRUG_NEW_CANCER,,,,NOT_ASSESSED,,
Diclofenac,Diclofenac,CML,MYC,associated_with,co-occurrence,0.3025,2,463,KNOWN_DRUG_NEW_CANCER,,,,NOT_ASSESSED,,
Diclofenac,Diclofenac,Prostate_Cancer,MYC,associated_with,co-occurrence,0.3025,16,463,KNOWN_DRUG_NEW_CANCER,,,,NOT_ASSESSED,,
Diclofenac,Diclofenac,RCC,MYC,associated_with,co-occurrence,0.3025,0,463,KNOWN_DRUG_NEW_CANCER,,,,NOT_ASSESSED,,
Diclofenac,Diclofenac,GIST,MYC,associated_with,co-occurrence,0.3025,1,463,KNOWN_DRUG_NEW_CANCER,,,,NOT_ASSESSED,,
Diclofenac,Diclofenac,NSCLC,MYC,associated_with,co-occurrence,0.3025,4,463,KNOWN_DRUG_NEW_CANCER,,,,NOT_ASSESSED,,
Diclofenac,Diclofenac,Melanoma,MYC,associated_with,co-occurrence,0.3025,57,463,WELL_STUDIED_PAIR,,,,NOT_ASSESSED,,
Diclofenac,Diclofenac,Ewing_Sarcoma,MYC,associated_with,co-occurrence,0.3025,0,463,KNOWN_DRUG_NEW_CANCER,,,,NOT_ASSESSED,,
Artesunate,Artesunate,Pancreatic_Cancer,VEGFR2,associated_with,co-occurrence,0.3025,10,458,KNOWN_DRUG_NEW_CANCER,,,,NOT_ASSESSED,,
Artesunate,Artesunate,Ovarian_Cancer,VEGFR2,associated_with,co-occurrence,0.3025,22,458,KNOWN_DRUG_NEW_CANCER,,,,NOT_ASSESSED,,
Artesunate,Artesunate,Myelofibrosis,VEGFR2,associated_with,co-occurrence,0.3025,0,458,KNOWN_DRUG_NEW_CANCER,,,,NOT_ASSESSED,,
Artesunate,Artesunate,Type2_Diabetes,VEGFR2,associated_with,co-occurrence,0.3025,0,458,KNOWN_DRUG_NEW_CANCER,,,,NOT_ASSESSED,,
Artesunate,Artesunate,Glioblastoma,VEGFR2,associated_with,co-occurrence,0.3025,21,458,KNOWN_DRUG_NEW_CANCER,,,,NOT_ASSESSED,,
Artesunate,Artesunate,Li_Fraumeni_Syndrome,VEGFR2,associated_with,co-occurrence,0.3025,0,458,KNOWN_DRUG_NEW_CANCER,,,,NOT_ASSESSED,,
Artesunate,Artesunate,CML,VEGFR2,associated_with,co-occurrence,0.3025,5,458,KNOWN_DRUG_NEW_CANCER,,,,NOT_ASSESSED,,
Artesunate,Artesunate,Prostate_Cancer,VEGFR2,associated_with,co-occurrence,0.3025,14,458,KNOWN_DRUG_NEW_CANCER,,,,NOT_ASSESSED,,
Artesunate,Artesunate,CLL,VEGFR2,associated_with,co-occurrence,0.3025,0,458,KNOWN_DRUG_NEW_CANCER,,,,NOT_ASSESSED,,
Artesunate,Artesunate,NSCLC,VEGFR2,associated_with,co-occurrence,0.3025,24,458,KNOWN_DRUG_NEW_CANCER,,,,NOT_ASSESSED,,
Artesunate,Artesunate,Melanoma,VEGFR2,associated_with,co-occurrence,0.3025,27,458,WELL_STUDIED_PAIR,,,,NOT_ASSESSED,,
Artesunate,Artesunate,Ewing_Sarcoma,VEGFR2,associated_with,co-occurrence,0.3025,0,458,KNOWN_DRUG_NEW_CANCER,,,,NOT_ASSESSED,,
Artesunate,Artesunate,Breast_Cancer,VEGFR2,associated_with,co-occurrence,0.3025,56,458,WELL_STUDIED_PAIR,,,,NOT_ASSESSED,,
Artesunate,Artesunate,Multiple_Myeloma,VEGFR2,associated_with,co-occurrence,0.3025,10,458,KNOWN_DRUG_NEW_CANCER,,,,NOT_ASSESSED,,
Cimetidine,Cimetidine,Pancreatic_Cancer,VEGFR2,associated_with,co-occurrence,0.3025,3,355,KNOWN_DRUG_NEW_CANCER,YES,,,NOT_ASSESSED,,
Cimetidine,Cimetidine,Ovarian_Cancer,VEGFR2,associated_with,co-occurrence,0.3025,15,355,KNOWN_DRUG_NEW_CANCER,YES,,,NOT_ASSESSED,,
Cimetidine,Cimetidine,Myelofibrosis,VEGFR2,associated_with,co-occurrence,0.3025,0,355,KNOWN_DRUG_NEW_CANCER,YES,,,NOT_ASSESSED,,
Cimetidine,Cimetidine,Type2_Diabetes,VEGFR2,associated_with,co-occurrence,0.3025,0,355,KNOWN_DRUG_NEW_CANCER,YES,,,NOT_ASSESSED,,
Cimetidine,Cimetidine,Glioblastoma,VEGFR2,associated_with,co-occurrence,0.3025,6,355,KNOWN_DRUG_NEW_CANCER,YES,,,NOT_ASSESSED,,
Cimetidine,Cimetidine,Li_Fraumeni_Syndrome,VEGFR2,associated_with,co-occurrence,0.3025,0,355,KNOWN_DRUG_NEW_CANCER,YES,,,NOT_ASSESSED,,
Cimetidine,Cimetidine,CML,VEGFR2,associated_with,co-occurrence,0.3025,0,355,KNOWN_DRUG_NEW_CANCER,YES,,,NOT_ASSESSED,,
Cimetidine,Cimetidine,Prostate_Cancer,VEGFR2,associated_with,co-occurrence,0.3025,7,355,KNOWN_DRUG_NEW_CANCER,YES,,,NOT_ASSESSED,,
Cimetidine,Cimetidine,CLL,VEGFR2,associated_with,co-occurrence,0.3025,4,355,KNOWN_DRUG_NEW_CANCER,YES,,,NOT_ASSESSED,,
Cimetidine,Cimetidine,NSCLC,VEGFR2,associated_with,co-occurrence,0.3025,4,355,KNOWN_DRUG_NEW_CANCER,YES,,,NOT_ASSESSED,,
Cimetidine,Cimetidine,Melanoma,VEGFR2,associated_with,co-occurrence,0.3025,74,355,WELL_STUDIED_PAIR,YES,,,NOT_ASSESSED,,
Cimetidine,Cimetidine,Ewing_Sarcoma,VEGFR2,associated_with,co-occurrence,0.3025,0,355,KNOWN_DRUG_NEW_CANCER,YES,,,NOT_ASSESSED,,
Cimetidine,Cimetidine,Multiple_Myeloma,VEGFR2,associated_with,co-occurrence,0.3025,3,355,KNOWN_DRUG_NEW_CANCER,YES,,,NOT_ASSESSED,,
Celecoxib,Celecoxib,Pancreatic_Cancer,AKT1,associated_with,co-occurrence,0.3025,60,2020,WELL_STUDIED_PAIR,YES,,,NOT_ASSESSED,,
Celecoxib,Celecoxib,Soft_Tissue_Sarcoma,AKT1,associated_with,co-occurrence,0.3025,3,2020,KNOWN_DRUG_NEW_CANCER,YES,,,NOT_ASSESSED,,
Celecoxib,Celecoxib,Myelofibrosis,AKT1,associated_with,co-occurrence,0.3025,1,2020,KNOWN_DRUG_NEW_CANCER,YES,,,NOT_ASSESSED,,
Celecoxib,Celecoxib,Type2_Diabetes,AKT1,associated_with,co-occurrence,0.3025,0,2020,KNOWN_DRUG_NEW_CANCER,YES,,,NOT_ASSESSED,,
Celecoxib,Celecoxib,Li_Fraumeni_Syndrome,AKT1,associated_with,co-occurrence,0.3025,0,2020,KNOWN_DRUG_NEW_CANCER,YES,,,NOT_ASSESSED,,
Celecoxib,Celecoxib,Prostate_Cancer,AKT1,associated_with,co-occurrence,0.3025,128,2020,WELL_STUDIED_PAIR,YES,,,NOT_ASSESSED,,
Celecoxib,Celecoxib,RCC,AKT1,associated_with,co-occurrence,0.3025,9,2020,KNOWN_DRUG_NEW_CANCER,YES,,,NOT_ASSESSED,,
Celecoxib,Celecoxib,GIST,AKT1,associated_with,co-occurrence,0.3025,0,2020,KNOWN_DRUG_NEW_CANCER,YES,,,NOT_ASSESSED,,
Celecoxib,Celecoxib,NSCLC,AKT1,associated_with,co-occurrence,0.3025,83,2020,WELL_STUDIED_PAIR,YES,,,NOT_ASSESSED,,
Celecoxib,Celecoxib,Ewing_Sarcoma,AKT1,associated_with,co-occurrence,0.3025,5,2020,KNOWN_DRUG_NEW_CANCER,YES,,,NOT_ASSESSED,,
Celecoxib,Celecoxib,Multiple_Myeloma,AKT1,associated_with,co-occurrence,0.3025,6,2020,KNOWN_DRUG_NEW_CANCER,YES,,,NOT_ASSESSED,,
Atorvastatin,Atorvastatin,Ovarian_Cancer,MTOR,associated_with,co-occurrence,0.3025,13,566,KNOWN_DRUG_NEW_CANCER,YES,,,NOT_ASSESSED,,
Atorvastatin,Atorvastatin,Soft_Tissue_Sarcoma,MTOR,associated_with,co-occurrence,0.3025,0,566,KNOWN_DRUG_NEW_CANCER,YES,,,NOT_ASSESSED,,
Atorvastatin,Atorvastatin,Myelofibrosis,MTOR,associated_with,co-occurrence,0.3025,1,566,KNOWN_DRUG_NEW_CANCER,YES,,,NOT_ASSESSED,,
Atorvastatin,Atorvastatin,Type2_Diabetes,MTOR,associated_with,co-occurrence,0.3025,0,566,KNOWN_DRUG_NEW_CANCER,YES,,,NOT_ASSESSED,,
Atorvastatin,Atorvastatin,Li_Fraumeni_Syndrome,MTOR,associated_with,co-occurrence,0.3025,0,566,KNOWN_DRUG_NEW_CANCER,YES,,,NOT_ASSESSED,,
Atorvastatin,Atorvastatin,CML,MTOR,associated_with,co-occurrence,0.3025,5,566,KNOWN_DRUG_NEW_CANCER,YES,,,NOT_ASSESSED,,
Atorvastatin,Atorvastatin,CLL,MTOR,associated_with,co-occurrence,0.3025,2,566,KNOWN_DRUG_NEW_CANCER,YES,,,NOT_ASSESSED,,
Atorvastatin,Atorvastatin,GIST,MTOR,associated_with,co-occurrence,0.3025,0,566,KNOWN_DRUG_NEW_CANCER,YES,,,NOT_ASSESSED,,
Atorvastatin,Atorvastatin,Ewing_Sarcoma,MTOR,associated_with,co-occurrence,0.3025,0,566,KNOWN_DRUG_NEW_CANCER,YES,,,NOT_ASSESSED,,
Atorvastatin,Atorvastatin,Multiple_Myeloma,MTOR,associated_with,co-occurrence,0.3025,8,566,KNOWN_DRUG_NEW_CANCER,YES,,,NOT_ASSESSED,,
Chloroquine,Chloroquine,Pancreatic_Cancer,MTOR,associated_with,co-occurrence,0.3025,123,1971,WELL_STUDIED_PAIR,YES,,,NOT_ASSESSED,,
Chloroquine,Chloroquine,Myelofibrosis,MTOR,associated_with,co-occurrence,0.3025,0,1971,KNOWN_DRUG_NEW_CANCER,YES,,,NOT_ASSESSED,,
Chloroquine,Chloroquine,Type2_Diabetes,MTOR,associated_with,co-occurrence,0.3025,0,1971,KNOWN_DRUG_NEW_CANCER,YES,,,NOT_ASSESSED,,
Chloroquine,Chloroquine,Glioblastoma,MTOR,associated_with,co-occurrence,0.3025,135,1971,WELL_STUDIED_PAIR,YES,,,NOT_ASSESSED,,
Chloroquine,Chloroquine,CML,MTOR,associated_with,co-occurrence,0.3025,25,1971,KNOWN_DRUG_NEW_CANCER,YES,,,NOT_ASSESSED,,
Chloroquine,Chloroquine,Prostate_Cancer,MTOR,associated_with,co-occurrence,0.3025,79,1971,WELL_STUDIED_PAIR,YES,,,NOT_ASSESSED,,
Chloroquine,Chloroquine,GIST,MTOR,associated_with,co-occurrence,0.3025,2,1971,KNOWN_DRUG_NEW_CANCER,YES,,,NOT_ASSESSED,,
Chloroquine,Chloroquine,Melanoma,MTOR,associated_with,co-occurrence,0.3025,160,1971,WELL_STUDIED_PAIR,YES,,,NOT_ASSESSED,,
Chloroquine,Chloroquine,Ewing_Sarcoma,MTOR,associated_with,co-occurrence,0.3025,1,1971,KNOWN_DRUG_NEW_CANCER,YES,,,NOT_ASSESSED,,
Chloroquine,Chloroquine,HCC,MTOR,associated_with,co-occurrence,0.3025,105,1971,WELL_STUDIED_PAIR,YES,,,NOT_ASSESSED,,
Chloroquine,Chloroquine,Multiple_Myeloma,MTOR,associated_with,co-occurrence,0.3025,31,1971,WELL_STUDIED_PAIR,YES,,,NOT_ASSESSED,,
Disulfiram,Disulfiram,Myelofibrosis,TP53,associated_with,co-occurrence,0.3025,0,590,KNOWN_DRUG_NEW_CANCER,YES,,,NOT_ASSESSED,,
Disulfiram,Disulfiram,CML,TP53,associated_with,co-occurrence,0.3025,0,590,KNOWN_DRUG_NEW_CANCER,YES,,,NOT_ASSESSED,,
Disulfiram,Disulfiram,Prostate_Cancer,TP53,associated_with,co-occurrence,0.3025,27,590,WELL_STUDIED_PAIR,YES,,,NOT_ASSESSED,,
Disulfiram,Disulfiram,RCC,TP53,associated_with,co-occurrence,0.3025,4,590,KNOWN_DRUG_NEW_CANCER,YES,,,NOT_ASSESSED,,
Disulfiram,Disulfiram,GIST,TP53,associated_with,co-occurrence,0.3025,0,590,KNOWN_DRUG_NEW_CANCER,YES,,,NOT_ASSESSED,,
Disulfiram,Disulfiram,Melanoma,TP53,associated_with,co-occurrence,0.3025,36,590,WELL_STUDIED_PAIR,YES,,,NOT_ASSESSED,,
Disulfiram,Disulfiram,Multiple_Myeloma,TP53,associated_with,co-occurrence,0.3025,7,590,KNOWN_DRUG_NEW_CANCER,YES,,,NOT_ASSESSED,,
Clarithromycin,Clarithromycin,Soft_Tissue_Sarcoma,MTOR,associated_with,co-occurrence,0.275,0,637,KNOWN_DRUG_NEW_CANCER,YES,,,NOT_ASSESSED,,
Clarithromycin,Clarithromycin,Myelofibrosis,MTOR,associated_with,co-occurrence,0.275,1,637,KNOWN_DRUG_NEW_CANCER,YES,,,NOT_ASSESSED,,
Clarithromycin,Clarithromycin,Type2_Diabetes,MTOR,associated_with,co-occurrence,0.275,1,637,KNOWN_DRUG_NEW_CANCER,YES,,,NOT_ASSESSED,,
Clarithromycin,Clarithromycin,Glioblastoma,MTOR,associated_with,co-occurrence,0.275,0,637,KNOWN_DRUG_NEW_CANCER,YES,,,NOT_ASSESSED,,
Clarithromycin,Clarithromycin,Li_Fraumeni_Syndrome,MTOR,associated_with,co-occurrence,0.275,0,637,KNOWN_DRUG_NEW_CANCER,YES,,,NOT_ASSESSED,,
Clarithromycin,Clarithromycin,Prostate_Cancer,MTOR,associated_with,co-occurrence,0.275,2,637,KNOWN_DRUG_NEW_CANCER,YES,,,NOT_ASSESSED,,
Clarithromycin,Clarithromycin,CLL,MTOR,associated_with,co-occurrence,0.275,3,637,KNOWN_DRUG_NEW_CANCER,YES,,,NOT_ASSESSED,,
Clarithromycin,Clarithromycin,GIST,MTOR,associated_with,co-occurrence,0.275,0,637,KNOWN_DRUG_NEW_CANCER,YES,,,NOT_ASSESSED,,
Clarithromycin,Clarithromycin,Melanoma,MTOR,associated_with,co-occurrence,0.275,7,637,KNOWN_DRUG_NEW_CANCER,YES,,,NOT_ASSESSED,,
Clarithromycin,Clarithromycin,Ewing_Sarcoma,MTOR,associated_with,co-occurrence,0.275,0,637,KNOWN_DRUG_NEW_CANCER,YES,,,NOT_ASSESSED,,
Clarithromycin,Clarithromycin,HCC,MTOR,associated_with,co-occurrence,0.275,1,637,KNOWN_DRUG_NEW_CANCER,YES,,,NOT_ASSESSED,,
Leflunomide,Leflunomide,Pancreatic_Cancer,STAT3,associated_with,co-occurrence,0.275,5,101,KNOWN_DRUG_NEW_CANCER,,,,NOT_ASSESSED,,
Leflunomide,Leflunomide,Ovarian_Cancer,STAT3,associated_with,co-occurrence,0.275,0,101,KNOWN_DRUG_NEW_CANCER,,,,NOT_ASSESSED,,
Leflunomide,Leflunomide,Myelofibrosis,STAT3,associated_with,co-occurrence,0.275,0,101,KNOWN_DRUG_NEW_CANCER,,,,NOT_ASSESSED,,
Leflunomide,Leflunomide,Type2_Diabetes,STAT3,associated_with,co-occurrence,0.275,0,101,KNOWN_DRUG_NEW_CANCER,,,,NOT_ASSESSED,,
Leflunomide,Leflunomide,Li_Fraumeni_Syndrome,STAT3,associated_with,co-occurrence,0.275,0,101,KNOWN_DRUG_NEW_CANCER,,,,NOT_ASSESSED,,
Leflunomide,Leflunomide,Prostate_Cancer,STAT3,associated_with,co-occurrence,0.275,2,101,KNOWN_DRUG_NEW_CANCER,,,,NOT_ASSESSED,,
Leflunomide,Leflunomide,CLL,STAT3,associated_with,co-occurrence,0.275,4,101,KNOWN_DRUG_NEW_CANCER,,,,NOT_ASSESSED,,
Leflunomide,Leflunomide,NSCLC,STAT3,associated_with,co-occurrence,0.275,1,101,KNOWN_DRUG_NEW_CANCER,,,,NOT_ASSESSED,,
Leflunomide,Leflunomide,Ewing_Sarcoma,STAT3,associated_with,co-occurrence,0.275,0,101,KNOWN_DRUG_NEW_CANCER,,,,NOT_ASSESSED,,
Leflunomide,Leflunomide,Breast_Cancer,STAT3,associated_with,co-occurrence,0.275,20,101,KNOWN_DRUG_NEW_CANCER,,,,NOT_ASSESSED,,
Leflunomide,Leflunomide,Multiple_Myeloma,STAT3,associated_with,co-occurrence,0.275,6,101,KNOWN_DRUG_NEW_CANCER,,,,NOT_ASSESSED,,
